Date,Open,High,Low,Close,Adj Close,Volume
2/01/2015,56.009998,56.799999,54.650002,55.34,55.34,1648400
5/01/2015,56.34,57.48,55.68,55.959999,55.959999,3149600
6/01/2015,55.84,56.150002,54.419998,55.57,55.57,3406200
7/01/2015,56.27,58.009998,56.16,57.650002,57.650002,5047500
8/01/2015,58.25,59.650002,58,59.07,59.07,5225200
9/01/2015,58.869999,59.220001,57.849998,58.630001,58.630001,2238100
12/01/2015,62.400002,63.799999,61.360001,62.59,62.59,10326700
13/01/2015,62.700001,64.269997,62.689999,63.060001,63.060001,3620000
14/01/2015,62.32,63.400002,61.5,63.400002,63.400002,3441700
15/01/2015,63.470001,63.900002,62.049999,62.509998,62.509998,2428100
16/01/2015,62.25,63.049999,61.360001,63,63,2405900
20/01/2015,63,63.23,62.290001,63,63,1698100
21/01/2015,63,63.59,62.52,62.860001,62.860001,1685500
22/01/2015,63.029999,64.279999,62.369999,63.759998,63.759998,1996500
23/01/2015,65.769997,66.709999,65.400002,66.199997,66.199997,4607700
26/01/2015,65.940002,66.760002,65.18,66.760002,66.760002,2095300
27/01/2015,66.129997,67.709999,65.550003,67.480003,67.480003,1900400
28/01/2015,67.550003,67.690002,66.040001,66.160004,66.160004,1664900
29/01/2015,65.980003,67.459999,65.82,67.190002,67.190002,2093900
30/01/2015,66.900002,67.040001,65.849998,66.239998,66.239998,2603700
2/02/2015,66.239998,66.470001,64.830002,65.519997,65.519997,2317500
3/02/2015,65.589996,66.739998,65.220001,66.489998,66.489998,2051400
4/02/2015,66.400002,66.949997,65.580002,65.660004,65.660004,1764100
5/02/2015,65.739998,65.989998,64.910004,65.290001,65.290001,1624600
6/02/2015,65.230003,65.459999,64.040001,64.440002,64.440002,1959900
9/02/2015,64.290001,65.669998,64.209999,65.43,65.43,1311300
10/02/2015,65.540001,66.150002,65.18,65.760002,65.760002,978300
11/02/2015,65.129997,65.849998,64.849998,65.589996,65.589996,972600
12/02/2015,65.629997,66.400002,64.699997,66.040001,66.040001,1145000
13/02/2015,66.199997,66.629997,65.669998,65.980003,65.980003,1133400
17/02/2015,65.510002,66.239998,64.849998,66,66,1140700
18/02/2015,65.769997,66.989998,65.5,66.419998,66.419998,1075500
19/02/2015,66.419998,67.900002,66.419998,66.889999,66.889999,1299200
20/02/2015,67.059998,67.550003,66.360001,67.370003,67.370003,1038600
23/02/2015,67,67.25,65.970001,66.080002,66.080002,1215800
24/02/2015,66.099998,66.690002,65.769997,66.099998,66.099998,808000
25/02/2015,66.160004,67.690002,65.830002,67.089996,67.089996,1334700
26/02/2015,67.199997,67.470001,66.300003,66.480003,66.480003,1123100
27/02/2015,66.650002,68.690002,66.419998,68.440002,68.440002,2116600
2/03/2015,68.589996,68.989998,66.540001,67.489998,67.489998,1733600
3/03/2015,67.169998,67.470001,65.470001,65.870003,65.870003,1664200
4/03/2015,65.699997,66.330002,64.860001,65.519997,65.519997,1459800
5/03/2015,65.639999,68,64.730003,64.849998,64.849998,2183300
6/03/2015,62.16,62.59,60.549999,62.299999,62.299999,5404100
9/03/2015,62.299999,62.490002,61.380001,62.240002,62.240002,2136800
10/03/2015,62.16,62.59,61.599998,62.080002,62.080002,1482600
11/03/2015,61.93,62.68,61.75,62.27,62.27,891900
12/03/2015,62.389999,63.220001,61.66,62.82,62.82,1389000
13/03/2015,63.130001,64.099998,62.709999,63.119999,63.119999,1746400
16/03/2015,63.23,64,63.209999,63.610001,63.610001,824000
17/03/2015,63.5,64.5,63.369999,64.419998,64.419998,1093500
18/03/2015,64.400002,64.639999,63.43,64.400002,64.400002,1280200
19/03/2015,63.75,64.540001,63.669998,64.400002,64.400002,1235600
20/03/2015,64.470001,66.18,64.309998,65.739998,65.739998,3122800
23/03/2015,64.529999,64.550003,62.59,63.709999,63.709999,3780100
24/03/2015,63.310001,64.360001,63.169998,63.299999,63.299999,2279300
25/03/2015,63.299999,63.400002,60.689999,60.959999,60.959999,4822000
26/03/2015,62.540001,66.889999,61.799999,63.970001,63.970001,8889000
27/03/2015,63.740002,64.5,62.630001,64.32,64.32,2901600
30/03/2015,64.43,65.849998,64.43,64.830002,64.830002,1835200
31/03/2015,65.5,65.550003,64.010002,64.019997,64.019997,1816400
1/04/2015,64.300003,64.300003,62.619999,63.099998,63.099998,1608300
2/04/2015,62.84,64.059998,62.759998,63.349998,63.349998,1168600
6/04/2015,63.59,65.160004,63.400002,64.410004,64.410004,1703700
7/04/2015,64.459999,67.330002,64.110001,66.410004,66.410004,3183900
8/04/2015,68,69.940002,67.900002,68.709999,68.709999,4911500
9/04/2015,68.25,69.900002,68.080002,69.769997,69.769997,2672200
10/04/2015,69.709999,70,68.839996,68.860001,68.860001,2024600
13/04/2015,68.870003,69.120003,68.010002,68.199997,68.199997,1160600
14/04/2015,68,68.139999,66.93,67.650002,67.650002,1987600
15/04/2015,67.580002,68.220001,67.260002,67.389999,67.389999,1004900
16/04/2015,67.360001,68.080002,67.099998,67.5,67.5,870600
17/04/2015,66.910004,67.18,66.419998,66.699997,66.699997,1240700
20/04/2015,65.970001,66.410004,65.519997,66.190002,66.190002,1506100
21/04/2015,65.989998,66.68,65.730003,66.349998,66.349998,779900
22/04/2015,66.360001,66.5,65.629997,65.669998,65.669998,685700
23/04/2015,65.5,66.82,65.349998,66.480003,66.480003,855500
24/04/2015,66.43,67.389999,66.160004,66.940002,66.940002,844800
27/04/2015,67.5,67.660004,65.519997,65.57,65.57,1124900
28/04/2015,65.360001,65.57,63.959999,64.660004,64.660004,1220200
29/04/2015,64.580002,65.059998,63.720001,64.699997,64.699997,1363800
30/04/2015,64.480003,65.089996,63.549999,63.639999,63.639999,1807000
1/05/2015,63.900002,64.730003,63.41,63.57,63.57,2270700
4/05/2015,64.099998,64.910004,63.419998,64.760002,64.760002,2053100
5/05/2015,64.57,65.099998,64.029999,64.309998,64.309998,1237300
6/05/2015,64.720001,65.139999,64.050003,65.040001,65.040001,1356400
7/05/2015,64.870003,66,64.57,65.309998,65.309998,1088800
8/05/2015,65.57,66.279999,65.32,65.489998,65.489998,837400
11/05/2015,65.489998,66.18,64.830002,65.669998,65.669998,1160900
12/05/2015,65.529999,65.599998,63.830002,64.699997,64.699997,1254000
13/05/2015,64.690002,65.139999,64.050003,64.410004,64.410004,1089400
14/05/2015,64.410004,65.650002,63.580002,65.199997,65.199997,1186000
15/05/2015,65.32,65.559998,64.449997,64.489998,64.489998,996500
18/05/2015,64.129997,65.360001,64.099998,64.580002,64.580002,1343500
19/05/2015,64.309998,64.949997,62.970001,63,63,1962000
20/05/2015,62.869999,62.93,60.959999,61.91,61.91,2350500
21/05/2015,61.439999,61.57,60.07,60.5,60.5,3705600
22/05/2015,60.52,61.490002,59.540001,61.16,61.16,2901000
26/05/2015,60.32,61.310001,59.790001,60.27,60.27,2049300
27/05/2015,59.75,61.73,59.299999,61.119999,61.119999,1985800
28/05/2015,61.16,61.75,60.91,61.23,61.23,1266100
29/05/2015,61.09,61.650002,59.599998,59.790001,59.790001,2754900
1/06/2015,60.290001,60.990002,59.709999,59.98,59.98,2097200
2/06/2015,60.330002,60.650002,58.25,59.799999,59.799999,3876600
3/06/2015,60.02,61.77,59.32,61.27,61.27,2322600
4/06/2015,60.700001,61.84,60.049999,61.349998,61.349998,1395600
5/06/2015,61.93,64.050003,61.799999,63.799999,63.799999,3549200
8/06/2015,63.5,63.73,60.779999,61.52,61.52,5435900
9/06/2015,65.709999,68.349998,64.809998,68.269997,68.269997,16031000
10/06/2015,68.550003,68.620003,65.699997,66.769997,66.769997,5547300
11/06/2015,65.550003,66.18,64.760002,66.07,66.07,4759700
12/06/2015,65.599998,66.769997,65.510002,66.480003,66.480003,1945500
15/06/2015,66.290001,67.459999,65.82,66.82,66.82,1831100
16/06/2015,67,67.629997,66.610001,67.260002,67.260002,1411900
17/06/2015,67.239998,67.550003,66.639999,66.93,66.93,1555400
18/06/2015,67.080002,67.639999,66.589996,66.610001,66.610001,1468000
19/06/2015,66,66.75,65.699997,65.989998,65.989998,3001100
22/06/2015,66.370003,66.910004,66,66.339996,66.339996,1753900
23/06/2015,66.720001,68.830002,66.720001,68.800003,68.800003,4438700
24/06/2015,68.830002,68.879997,67.360001,67.419998,67.419998,1638800
25/06/2015,67.669998,68.129997,67.199997,67.559998,67.559998,1415700
26/06/2015,67.139999,68.480003,66.599998,67.089996,67.089996,10089400
29/06/2015,66.5,66.709999,64.730003,64.800003,64.800003,1616700
30/06/2015,65.459999,65.470001,64.25,65.300003,65.300003,1688300
1/07/2015,65.690002,65.989998,64.75,65.050003,65.050003,1462900
2/07/2015,64.919998,65.449997,63.950001,65.18,65.18,1365700
6/07/2015,64.870003,65.550003,63.950001,64.300003,64.300003,1855100
7/07/2015,64.730003,65.940002,63.169998,65.68,65.68,2141500
8/07/2015,65.040001,65.629997,63.830002,63.970001,63.970001,1398800
9/07/2015,64.809998,65.199997,62.389999,62.459999,62.459999,2206400
10/07/2015,63.23,63.48,62.169998,63,63,2090100
13/07/2015,63.439999,64.480003,63.389999,64.110001,64.110001,1311800
14/07/2015,64.209999,64.400002,63.68,63.919998,63.919998,1127100
15/07/2015,63.77,64.099998,63.310001,63.419998,63.419998,1429100
16/07/2015,63.310001,63.57,62.279999,62.779999,62.779999,1372400
17/07/2015,62.900002,63.169998,62.259998,62.939999,62.939999,1360200
20/07/2015,62.900002,63.73,62.77,63.360001,63.360001,888800
21/07/2015,63.43,63.740002,62.34,62.77,62.77,1415800
22/07/2015,62.450001,63.279999,62.220001,62.860001,62.860001,1463100
23/07/2015,63.290001,64.82,61.900002,62,62,1954000
24/07/2015,62.07,62.75,60.48,61.240002,61.240002,1991500
27/07/2015,60.790001,61.439999,59.860001,61.169998,61.169998,2211100
28/07/2015,61.290001,63.73,61.25,63.220001,63.220001,2047700
29/07/2015,63.169998,63.860001,62.450001,63.740002,63.740002,1355100
30/07/2015,63.669998,63.830002,62.84,63.07,63.07,1614800
31/07/2015,63.290001,63.580002,62.59,62.860001,62.860001,1486600
3/08/2015,62.779999,62.959999,61.130001,61.869999,61.869999,1654000
4/08/2015,62.259998,63.240002,61.849998,62.57,62.57,1453500
5/08/2015,62.43,63.130001,62.43,62.689999,62.689999,1433700
6/08/2015,62.91,62.98,61.939999,62.27,62.27,1608100
7/08/2015,62.16,62.48,61.34,62.369999,62.369999,1327400
10/08/2015,63.049999,64.400002,62.619999,63.990002,63.990002,1626100
11/08/2015,63.34,64.75,62.759998,64.449997,64.449997,1519900
12/08/2015,63.720001,64.120003,61.380001,63.02,63.02,2099100
13/08/2015,63.299999,64.949997,63.200001,64.5,64.5,1316700
14/08/2015,64.269997,65.370003,64.150002,65.169998,65.169998,1196400
17/08/2015,65.150002,66.5,64.57,66.370003,66.370003,1712200
18/08/2015,66.349998,66.980003,66.150002,66.699997,66.699997,1712600
19/08/2015,66.43,66.43,65.050003,65.360001,65.360001,1387900
20/08/2015,64.809998,64.879997,62.799999,62.959999,62.959999,1679300
21/08/2015,62.369999,63.060001,60.619999,61.950001,61.950001,2080400
24/08/2015,58.400002,60.799999,55.16,59.07,59.07,3460400
25/08/2015,61.5,61.900002,58.689999,58.700001,58.700001,1859500
26/08/2015,60.330002,60.77,59.049999,60.310001,60.310001,2525300
27/08/2015,61.599998,63.700001,61.299999,62.639999,62.639999,2906200
28/08/2015,62.619999,63.48,61.970001,63.169998,63.169998,1455600
31/08/2015,63.080002,64.43,63.080002,64.010002,64.010002,2125300
1/09/2015,62.82,63.759998,62.220001,63.07,63.07,1858800
2/09/2015,63.849998,65.480003,63.66,65.360001,65.360001,3224400
3/09/2015,66.050003,66.879997,64.599998,64.949997,64.949997,3005600
4/09/2015,64.589996,66.110001,64.32,65.68,65.68,2222700
8/09/2015,66.330002,66.989998,65.330002,65.889999,65.889999,3117300
9/09/2015,66.389999,66.440002,61.220001,64.050003,64.050003,4524800
10/09/2015,60.07,60.799999,52.880001,53.540001,53.540001,31695300
11/09/2015,54.599998,54.650002,52.91,54.009998,54.009998,12927100
14/09/2015,53.77,54.779999,53.150002,53.790001,53.790001,5080800
15/09/2015,53.830002,54,51.959999,53.369999,53.369999,5670900
16/09/2015,53.220001,55.349998,52.810001,54.650002,54.650002,5056200
17/09/2015,54.860001,55.119999,53.18,53.830002,53.830002,3199000
18/09/2015,53.360001,54.290001,52.639999,52.91,52.91,3883800
21/09/2015,54.57,55.77,53.470001,53.98,53.98,5421700
22/09/2015,53.27,54.860001,53.259998,54.720001,54.720001,3346800
23/09/2015,55.16,55.529999,53.16,53.529999,53.529999,2832600
24/09/2015,53.139999,53.139999,51.98,52.849998,52.849998,2787800
25/09/2015,53.869999,54.470001,51.650002,52.580002,52.580002,2895700
28/09/2015,52.110001,52.290001,50.110001,50.369999,50.369999,2843600
29/09/2015,50.299999,50.959999,49.450001,49.810001,49.810001,3802600
30/09/2015,50.389999,51.139999,50,50.650002,50.650002,2217000
1/10/2015,50.34,50.75,49.52,50.279999,50.279999,2695200
2/10/2015,49.82,51.130001,49.139999,51.119999,51.119999,3584300
5/10/2015,51.32,51.869999,50.93,51.27,51.27,2557400
6/10/2015,51.209999,51.939999,50.869999,51.740002,51.740002,2141900
7/10/2015,53.07,54.029999,52.150002,54,54,3513200
8/10/2015,53.68,54.639999,53.599998,54.209999,54.209999,2726200
9/10/2015,54.5,54.549999,52.709999,52.75,52.75,2596700
12/10/2015,52.849998,53.099998,51.810001,51.91,51.91,1375900
13/10/2015,51.639999,51.990002,50.799999,51.580002,51.580002,2222900
14/10/2015,51.720001,52.419998,51.23,51.540001,51.540001,1622000
15/10/2015,51.700001,52.52,51.150002,52.52,52.52,1939500
16/10/2015,54.080002,54.93,53,53.810001,53.810001,4188400
19/10/2015,53.700001,54.52,52.75,53.259998,53.259998,2058100
20/10/2015,53.110001,53.5,52.490002,52.93,52.93,1571500
21/10/2015,53.310001,53.380001,51.66,52,52,2183200
22/10/2015,50.610001,52.369999,50.009998,52.330002,52.330002,5737300
23/10/2015,52.32,52.630001,47.400002,48.490002,48.490002,7717600
26/10/2015,48.560001,48.880001,47.93,48.299999,48.299999,3662900
27/10/2015,48.5,49.029999,47.790001,48.279999,48.279999,1619500
28/10/2015,48.25,49.380001,47.389999,49.240002,49.240002,3233000
29/10/2015,49.299999,49.5,48.23,48.790001,48.790001,2024500
30/10/2015,48.689999,49.580002,48.16,49.169998,49.169998,3776800
2/11/2015,49.349998,51.119999,48.189999,51.080002,51.080002,3620000
3/11/2015,51.25,52.689999,51.009998,52.09,52.09,2765500
4/11/2015,51.869999,52.509998,51.439999,51.68,51.68,2093500
5/11/2015,51.939999,52.240002,51.25,52.080002,52.080002,1207500
6/11/2015,52.189999,53.150002,50.880001,51.060001,51.060001,1919600
9/11/2015,50.869999,51,49.290001,50.169998,50.169998,1877900
10/11/2015,50.189999,50.610001,49.02,50.080002,50.080002,1885300
11/11/2015,49.959999,50.009998,47.459999,47.57,47.57,3640700
12/11/2015,47.439999,48.900002,47.080002,48.16,48.16,2678100
13/11/2015,47.299999,47.5,44.23,45.049999,45.049999,5343700
16/11/2015,44.700001,45.5,43.869999,45.240002,45.240002,2375400
17/11/2015,44.990002,44.990002,43.139999,44.09,44.09,3091000
18/11/2015,44.360001,45.759998,44.07,45.689999,45.689999,2424300
19/11/2015,45.860001,49,45.740002,47.330002,47.330002,5939400
20/11/2015,47.91,51.5,47.740002,49.279999,49.279999,6003200
23/11/2015,49.52,52.950001,48.540001,52.77,52.77,5722800
24/11/2015,51.84,53.310001,51.189999,52.73,52.73,3505900
25/11/2015,53.09,53.720001,51.970001,52.950001,52.950001,1992100
27/11/2015,52.849998,52.880001,51.759998,52.5,52.5,891600
30/11/2015,49.279999,50,47.540001,47.82,47.82,8461100
1/12/2015,48.84,49.200001,47.75,49.049999,49.049999,4428100
2/12/2015,48.919998,49.529999,48.549999,49,49,2320700
3/12/2015,49.419998,49.700001,48.630001,49.119999,49.119999,3281300
4/12/2015,49,49.310001,46.779999,49.18,49.18,3591300
7/12/2015,49.02,51.93,48.119999,51.790001,51.790001,5749000
8/12/2015,51.27,52.389999,50.68,52.16,52.16,5806300
9/12/2015,46.939999,50.389999,45.049999,45.32,45.32,19809600
10/12/2015,44.73,46.5,44.619999,45.950001,45.950001,6151500
11/12/2015,45.389999,46.639999,45.099998,46.119999,46.119999,4326300
14/12/2015,46.09,47.849998,45.869999,47.790001,47.790001,3424100
15/12/2015,47.900002,49.790001,47.509998,49.259998,49.259998,3222500
16/12/2015,49.73,50.700001,49.189999,49.970001,49.970001,3937400
17/12/2015,50.549999,51.240002,49.75,50,50,3128400
18/12/2015,49.75,51.07,49.049999,50.259998,50.259998,2731800
21/12/2015,50.369999,51.990002,50.349998,51.900002,51.900002,2583700
22/12/2015,51.759998,53.349998,51.580002,53.150002,53.150002,2522500
23/12/2015,53.669998,53.959999,52.48,52.889999,52.889999,2052600
24/12/2015,52.720001,53.59,52.43,53.189999,53.189999,832800
28/12/2015,52.84,54.150002,52.599998,53.169998,53.169998,2158000
29/12/2015,53.25,53.75,51.880001,52.369999,52.369999,2014600
30/12/2015,52.41,52.799999,51.34,51.59,51.59,1683600
31/12/2015,51.709999,53.540001,51.59,52.470001,52.470001,1747100
4/01/2016,53.709999,56.209999,53.529999,55.860001,55.860001,7252300
5/01/2016,56.200001,56.669998,55.16,55.59,55.59,3139700
6/01/2016,54.950001,55.639999,54.529999,54.91,54.91,2776900
7/01/2016,54,56,53.75,54.790001,54.790001,4041300
8/01/2016,55.43,55.77,52.970001,53.91,53.91,3170900
11/01/2016,54.490002,55.09,52.709999,54.73,54.73,3344000
12/01/2016,59.919998,61.299999,56.279999,56.82,56.82,12958800
13/01/2016,57.990002,58.279999,55.119999,55.970001,55.970001,3413900
14/01/2016,56.060001,57.380001,53.599998,56.630001,56.630001,3625600
15/01/2016,55.18,56.34,52.900002,55.709999,55.709999,3955200
19/01/2016,56.18,57.48,55.560001,56.740002,56.740002,3150700
20/01/2016,55.529999,56.700001,53.18,55.950001,55.950001,3217000
21/01/2016,56.860001,59.029999,54.849998,57.09,57.09,3749700
22/01/2016,57.919998,58.380001,56.150002,58.029999,58.029999,2204500
25/01/2016,58.669998,58.669998,57.02,57.630001,57.630001,2277600
26/01/2016,58.73,59.330002,57.610001,58.59,58.59,2630300
27/01/2016,58.59,59.91,58.389999,58.810001,58.810001,2577800
28/01/2016,59.709999,60.669998,59.049999,59.599998,59.599998,2772500
29/01/2016,59.5,62.07,59.5,62.07,62.07,3337000
1/02/2016,61.25,61.630001,59.639999,60.82,60.82,2403000
2/02/2016,61.240002,63.5,61.119999,62.009998,62.009998,3621400
3/02/2016,61.889999,63.139999,60.490002,63.02,63.02,3174300
4/02/2016,62.259998,63.34,61.66,62.630001,62.630001,2044700
5/02/2016,62.380001,63.130001,59.880001,60.75,60.75,2662300
8/02/2016,59.990002,60.110001,55.369999,57.959999,57.959999,5137000
9/02/2016,57.43,57.93,54.599998,56.880001,56.880001,3692600
10/02/2016,56.810001,58.549999,56.75,57.68,57.68,1963100
11/02/2016,56.720001,57.740002,55.439999,57.220001,57.220001,2188600
12/02/2016,57.610001,58.93,56.560001,58.84,58.84,1497200
16/02/2016,59.529999,60.459999,58.93,59.799999,59.799999,1515000
17/02/2016,60.139999,61.43,59.93,60.509998,60.509998,1817900
18/02/2016,60.880001,61.369999,60.130001,60.66,60.66,1501200
19/02/2016,60.16,60.84,58.150002,60.759998,60.759998,1845900
22/02/2016,61.290001,62.139999,59.98,60.5,60.5,2298300
23/02/2016,60.459999,61.580002,59.529999,60.630001,60.630001,1446300
24/02/2016,60.310001,60.919998,59.060001,60.810001,60.810001,1821900
25/02/2016,60.900002,62.799999,60.599998,61.349998,61.349998,1913900
26/02/2016,61.66,62,60.810001,61.560001,61.560001,1585100
29/02/2016,61.240002,63.43,60.990002,62.73,62.73,2077600
1/03/2016,62.709999,63.299999,62.290001,62.740002,62.740002,2375100
2/03/2016,62.52,63.669998,62.380001,62.790001,62.790001,1671000
3/03/2016,62.84,62.93,61.540001,61.779999,61.779999,1902600
4/03/2016,61.84,62.110001,61.029999,61.220001,61.220001,1938700
7/03/2016,60.889999,62.09,60.779999,62,62,1593100
8/03/2016,61.59,62.959999,61.470001,62.220001,62.220001,1481900
9/03/2016,62.27,62.490002,61.209999,62.130001,62.130001,1129000
10/03/2016,62.759998,63.68,62.400002,63.23,63.23,1360700
11/03/2016,63.52,64.68,63.330002,64.419998,64.419998,2250200
14/03/2016,64.18,64.989998,63.939999,64.730003,64.730003,1591200
15/03/2016,63.720001,63.720001,61.950001,62.98,62.98,2220800
16/03/2016,62.959999,62.959999,61.68,62.279999,62.279999,1264800
17/03/2016,61.779999,63.220001,61.5,62.799999,62.799999,1509500
18/03/2016,62.5,63.419998,62.369999,62.509998,62.509998,1722900
21/03/2016,61.389999,61.599998,58.759998,60.209999,60.209999,3669900
22/03/2016,59.849998,60.5,58.810001,60.330002,60.330002,1385300
23/03/2016,59.950001,60.810001,59.580002,60.07,60.07,1330800
24/03/2016,60.369999,61.080002,59.650002,60.889999,60.889999,1148500
28/03/2016,61.130001,61.450001,60.07,60.52,60.52,1963500
29/03/2016,60.580002,61.720001,60.02,61.240002,61.240002,3932700
30/03/2016,65.5,68.449997,65.300003,67.800003,67.800003,10801700
31/03/2016,68.190002,68.5,66.349998,67.709999,67.709999,3896500
1/04/2016,66.970001,68.910004,66.959999,68.690002,68.690002,2942200
4/04/2016,68.949997,69.730003,67.440002,67.599998,67.599998,2696300
5/04/2016,67.160004,67.529999,66.209999,66.730003,66.730003,1979100
6/04/2016,66.889999,66.889999,65.129997,65.739998,65.739998,2567400
7/04/2016,65.449997,66.400002,64.589996,64.989998,64.989998,1884400
8/04/2016,65.279999,65.410004,62.68,63.75,63.75,2135200
11/04/2016,63.849998,64.309998,61.040001,61.23,61.23,3409900
12/04/2016,61.470001,62.48,60.389999,61.91,61.91,2582800
13/04/2016,61.959999,63.389999,61.669998,63.25,63.25,1963300
14/04/2016,63.310001,64.480003,63,64.199997,64.199997,2965200
15/04/2016,63.880001,65.330002,63.599998,64.800003,64.800003,2006000
18/04/2016,64.169998,65.800003,64.07,65.480003,65.480003,1586400
19/04/2016,65.669998,66.68,65.330002,66.480003,66.480003,1471300
20/04/2016,66.480003,67.720001,66.279999,67.129997,67.129997,2180600
21/04/2016,67.889999,68.239998,65.989998,66.510002,66.510002,1963800
22/04/2016,66.540001,66.849998,65.580002,66.239998,66.239998,1170400
25/04/2016,66.410004,66.480003,65.199997,66,66,1212100
26/04/2016,65.809998,66.459999,65.660004,66.449997,66.449997,1081400
27/04/2016,66.209999,66.410004,65.07,65.639999,65.639999,960900
28/04/2016,65.480003,66.459999,65.169998,65.57,65.57,1383600
29/04/2016,65.540001,65.980003,64.870003,65.550003,65.550003,1165500
2/05/2016,65.949997,67.080002,65.309998,66.720001,66.720001,1419300
3/05/2016,66.199997,66.690002,64.900002,65.540001,65.540001,1891200
4/05/2016,65.300003,65.949997,64.900002,65.199997,65.199997,1104000
5/05/2016,64.540001,64.93,63.040001,63.41,63.41,1993900
6/05/2016,63.32,63.32,60.82,62.810001,62.810001,2674900
9/05/2016,62.880001,64.449997,62.549999,64.029999,64.029999,1908500
10/05/2016,63.419998,64.300003,63.279999,64.209999,64.209999,1115400
11/05/2016,63.25,63.77,60.959999,61.990002,61.990002,2817300
12/05/2016,62.240002,62.68,61.279999,61.619999,61.619999,2095200
13/05/2016,61.509998,62.560001,60.099998,61.580002,61.580002,1958100
16/05/2016,60.48,61.189999,59.849998,60.759998,60.759998,2214900
17/05/2016,60.720001,61.669998,60.34,60.900002,60.900002,1580300
18/05/2016,60.52,60.689999,59.669998,60.07,60.07,1796100
19/05/2016,59.93,61.470001,59.68,61.099998,61.099998,1517400
20/05/2016,61.23,62.849998,61.009998,62.490002,62.490002,1740400
23/05/2016,62.549999,63.619999,61.720001,61.939999,61.939999,1537000
24/05/2016,62.009998,63.5,62.009998,63.16,63.16,1554200
25/05/2016,62.790001,63.43,62.549999,63.150002,63.150002,1092600
26/05/2016,63.130001,63.619999,62.639999,63.139999,63.139999,961900
27/05/2016,63.450001,64.800003,63,64.690002,64.690002,1239500
31/05/2016,64.690002,65.139999,63.759998,65.029999,65.029999,2030200
1/06/2016,64.5,66.68,64.449997,66.169998,66.169998,3189800
2/06/2016,66.080002,67.349998,65.980003,67.129997,67.129997,2561600
3/06/2016,67.489998,67.769997,66.699997,67.239998,67.239998,1757000
6/06/2016,67.010002,68.809998,67,68.75,68.75,3129500
7/06/2016,68.550003,68.75,66.959999,68.139999,68.139999,5429500
8/06/2016,69.040001,71.949997,67.300003,71.480003,71.480003,10395200
9/06/2016,71.040001,72.540001,70.599998,72.32,72.32,4008500
10/06/2016,71.269997,71.730003,69.690002,70.540001,70.540001,3144300
13/06/2016,70.07,71.199997,70,70.209999,70.209999,2255300
14/06/2016,70,70.699997,69.260002,70.379997,70.379997,1799000
15/06/2016,70.470001,71.889999,70.309998,70.730003,70.730003,2073900
16/06/2016,70.860001,71.830002,70.330002,71.790001,71.790001,1960000
17/06/2016,71.730003,72.059998,71.18,71.709999,71.709999,1701400
20/06/2016,72.650002,73.220001,71.699997,71.779999,71.779999,1128100
21/06/2016,71.5,72.379997,71.199997,71.879997,71.879997,1050300
22/06/2016,72,72.260002,71.150002,71.360001,71.360001,1668300
23/06/2016,71.919998,72.370003,71.150002,71.82,71.82,1396100
24/06/2016,70.080002,70.900002,69.459999,69.620003,69.620003,3967900
27/06/2016,69.080002,69.269997,67.080002,69,69,3491100
28/06/2016,69.410004,70.129997,68.510002,69.870003,69.870003,1394100
29/06/2016,70.220001,72,70.110001,71.650002,71.650002,1759400
30/06/2016,71.690002,73.860001,71.650002,73.860001,73.860001,2705700
1/07/2016,73.879997,74.809998,73.75,73.959999,73.959999,1566000
5/07/2016,73.489998,74.220001,72.889999,73.279999,73.279999,963000
6/07/2016,73.370003,74.559998,73.059998,74.410004,74.410004,1264300
7/07/2016,74.5,75.25,74.139999,75.199997,75.199997,1438200
8/07/2016,75.5,77.019997,75.239998,76.720001,76.720001,1754200
11/07/2016,76.330002,77.230003,76.32,76.489998,76.489998,1353300
12/07/2016,76.480003,77.25,76.150002,76.620003,76.620003,894100
13/07/2016,76.910004,76.910004,75.870003,76.809998,76.809998,1187900
14/07/2016,77.809998,77.959999,77.050003,77.419998,77.419998,1276900
15/07/2016,77.5,78.199997,77.190002,77.800003,77.800003,1117600
18/07/2016,77.379997,78.400002,77.099998,77.75,77.75,1425600
19/07/2016,78.209999,78.209999,76.959999,77.300003,77.300003,1335800
20/07/2016,77.599998,77.739998,76.93,77.169998,77.169998,1383200
21/07/2016,76.900002,77.010002,75.790001,76.550003,76.550003,1788300
22/07/2016,76.5,76.669998,75.720001,76.139999,76.139999,1645400
25/07/2016,76.129997,77.82,76.099998,77.580002,77.580002,1314900
26/07/2016,77.510002,78.5,76.760002,77.18,77.18,1014600
27/07/2016,77.260002,77.5,75.75,76.82,76.82,1001700
28/07/2016,76.970001,77.68,76.32,77.379997,77.379997,729900
29/07/2016,77.5,77.82,76.690002,77.650002,77.650002,717000
1/08/2016,77.599998,78.790001,77.540001,78.330002,78.330002,1222300
2/08/2016,78.330002,78.580002,76.790001,76.949997,76.949997,1324400
3/08/2016,75.599998,77.790001,72.860001,77.400002,77.400002,2906700
4/08/2016,77.580002,78.419998,77.099998,77.410004,77.410004,915500
5/08/2016,78.050003,78.400002,77.129997,77.800003,77.800003,889500
8/08/2016,77.849998,78.959999,77.849998,78.519997,78.519997,1055900
9/08/2016,78.190002,78.339996,77.400002,77.739998,77.739998,657700
10/08/2016,77.720001,78.739998,77.440002,77.93,77.93,640400
11/08/2016,78.720001,80.190002,78.639999,79.720001,79.720001,1138900
12/08/2016,79.720001,79.980003,78.940002,79.339996,79.339996,714400
15/08/2016,79.959999,80.889999,79.550003,80.269997,80.269997,1334700
16/08/2016,80.290001,80.540001,79.790001,79.870003,79.870003,994000
17/08/2016,79.970001,80.080002,77.809998,78.540001,78.540001,1402100
18/08/2016,78.199997,80.209999,78.199997,80.089996,80.089996,1067400
19/08/2016,80.160004,80.970001,80.07,80.650002,80.650002,883600
22/08/2016,80.620003,80.790001,79.75,80.110001,80.110001,723200
23/08/2016,80.510002,81.050003,80,80.239998,80.239998,976000
24/08/2016,80.230003,81.129997,79.919998,80.18,80.18,1336600
25/08/2016,80.190002,81.809998,79.980003,80.589996,80.589996,1936100
26/08/2016,80.349998,81.239998,78.169998,78.190002,78.190002,3088500
29/08/2016,78.32,79.410004,77.800003,78.260002,78.260002,2998500
30/08/2016,78.080002,78.720001,75.980003,76.849998,76.849998,3114600
31/08/2016,76.940002,77.970001,76.370003,76.510002,76.510002,2404000
1/09/2016,75.889999,77.580002,75.120003,76.660004,76.660004,5500100
2/09/2016,70.580002,71.650002,68.379997,68.57,68.57,17726000
6/09/2016,68.639999,68.839996,66.970001,67.68,67.68,5388000
7/09/2016,67.510002,68.269997,67.050003,68.230003,68.230003,3403700
8/09/2016,67.220001,67.559998,65.949997,66.080002,66.080002,3429600
9/09/2016,65.589996,65.93,64.709999,64.800003,64.800003,2743000
12/09/2016,64.43,66.129997,64.349998,66,66,2716900
13/09/2016,65.830002,66.160004,64.559998,65.93,65.93,3179000
14/09/2016,66.230003,67.400002,65.800003,66.150002,66.150002,2444700
15/09/2016,65.75,66.769997,65.169998,66.050003,66.050003,1512600
16/09/2016,66.32,66.669998,65.760002,65.980003,65.980003,1824400
19/09/2016,66.080002,66.550003,65.419998,65.809998,65.809998,1261900
20/09/2016,66.300003,66.300003,65.349998,65.690002,65.690002,951300
21/09/2016,65.5,65.940002,64.489998,65.400002,65.400002,1753900
22/09/2016,66.110001,66.290001,65.360001,65.730003,65.730003,1731700
23/09/2016,65.730003,65.959999,65.120003,65.190002,65.190002,1522800
26/09/2016,65.110001,65.110001,63.860001,64.029999,64.029999,1574400
27/09/2016,64.190002,64.599998,62.889999,64.519997,64.519997,2160800
28/09/2016,64.5,64.5,63.279999,63.509998,63.509998,1516100
29/09/2016,62.779999,63.130001,60.939999,60.990002,60.990002,3583200
30/09/2016,60.959999,61.41,60.169998,60.98,60.98,2821900
3/10/2016,60.919998,61.23,60.16,60.299999,60.299999,1509100
4/10/2016,60.150002,60.240002,59.049999,59.389999,59.389999,3362000
5/10/2016,59.459999,62.43,58.869999,59.189999,59.189999,4592300
6/10/2016,59.310001,59.380001,58.459999,58.52,58.52,2365800
7/10/2016,58.509998,59,57.93,58.290001,58.290001,2650300
10/10/2016,58.580002,59.09,57.77,57.810001,57.810001,1261500
11/10/2016,57.740002,58.040001,56.599998,56.759998,56.759998,2488300
12/10/2016,57.029999,57.66,56.759998,57.150002,57.150002,1780500
13/10/2016,56.790001,58.220001,56.470001,57.599998,57.599998,2375900
14/10/2016,57.700001,57.970001,56.43,56.619999,56.619999,1962600
17/10/2016,55.830002,56.189999,54.869999,54.880001,54.880001,2125400
18/10/2016,55.5,56.790001,55.119999,56.299999,56.299999,3257300
19/10/2016,56.380001,58.869999,56.380001,58.580002,58.580002,5420900
20/10/2016,58.27,58.880001,57.5,57.77,57.77,2975300
21/10/2016,57.189999,57.599998,56.419998,57,57,2891700
24/10/2016,56.91,57.330002,56.150002,56.200001,56.200001,1880000
25/10/2016,54.490002,56.27,54,55.110001,55.110001,3377200
26/10/2016,55.23,57.869999,55.189999,57.009998,57.009998,3153400
27/10/2016,57.029999,57.459999,56.509998,57.220001,57.220001,2411900
28/10/2016,57.450001,59,57.25,58.400002,58.400002,2589700
31/10/2016,58.360001,58.5,57.139999,57.25,57.25,1821800
1/11/2016,57.34,57.650002,56.630001,57.310001,57.310001,1397500
2/11/2016,57.279999,58.299999,56.93,57.400002,57.400002,1849700
3/11/2016,57.73,57.869999,55.02,55.110001,55.110001,1994000
4/11/2016,55.369999,56.529999,55.189999,55.84,55.84,1534200
7/11/2016,56.59,56.849998,55.419998,55.700001,55.700001,2171100
8/11/2016,55.830002,57.279999,55.52,56.970001,56.970001,1792800
9/11/2016,55.619999,58.07,54.650002,57.790001,57.790001,1641400
10/11/2016,58.389999,58.849998,56.490002,57.060001,57.060001,1664000
11/11/2016,57.07,57.919998,56.830002,57.84,57.84,980000
14/11/2016,58.060001,58.52,57.349998,57.830002,57.830002,1288800
15/11/2016,58.119999,58.459999,56.529999,56.810001,56.810001,1816100
16/11/2016,55.299999,56.75,55.130001,56.669998,56.669998,1834300
17/11/2016,56.509998,57.880001,56.32,57.540001,57.540001,1197900
18/11/2016,57.57,57.860001,54.5,54.610001,54.610001,3072700
21/11/2016,54.970001,56.259998,54.830002,55.799999,55.799999,2404200
22/11/2016,55.900002,58.419998,55.599998,58.240002,58.240002,2799800
23/11/2016,57.91,58.98,57.5,57.91,57.91,1301500
25/11/2016,58.439999,58.560001,57.709999,57.990002,57.990002,483000
28/11/2016,57.700001,58.09,56.599998,57.209999,57.209999,1522200
29/11/2016,57.48,58.75,57.09,58.32,58.32,2857700
30/11/2016,58.48,59.48,56.919998,56.990002,56.990002,1986600
1/12/2016,56.759998,58.080002,56.450001,56.529999,56.529999,1524900
2/12/2016,54.75,56.450001,54.27,55.310001,55.310001,2691900
5/12/2016,55.66,57.990002,55.650002,57.119999,57.119999,4914000
6/12/2016,57.619999,58.34,56.73,57.240002,57.240002,2262100
7/12/2016,57.52,60.119999,57.450001,59.84,59.84,7165100
8/12/2016,70.510002,72.699997,68.720001,68.839996,68.839996,16476000
9/12/2016,68.839996,69.709999,68.25,69.300003,69.300003,3597000
12/12/2016,69.370003,70.029999,68.75,69.709999,69.709999,2339800
13/12/2016,69.889999,70.739998,68.419998,68.480003,68.480003,2492400
14/12/2016,68.089996,69.209999,68.010002,68.639999,68.639999,1725200
15/12/2016,69,69,66.919998,67.309998,67.309998,1679200
16/12/2016,67.18,67.699997,65.860001,66.419998,66.419998,2483900
19/12/2016,66,67.440002,65.75,66.699997,66.699997,1393300
20/12/2016,66.610001,68,66.470001,67.589996,67.589996,1268300
21/12/2016,67.239998,67.889999,66.540001,66.970001,66.970001,1132700
22/12/2016,66.660004,66.940002,64.419998,64.580002,64.580002,2005100
23/12/2016,64.610001,65.370003,64.199997,64.410004,64.410004,793600
27/12/2016,64.589996,65.019997,64.169998,64.440002,64.440002,758900
28/12/2016,64.639999,64.779999,63.650002,64.480003,64.480003,821400
29/12/2016,64.510002,65.25,64.230003,64.389999,64.389999,985400
30/12/2016,64.669998,65.720001,64.43,64.989998,64.989998,1611300
3/01/2017,65.940002,67.870003,65.720001,66.849998,66.849998,2871000
4/01/2017,66.970001,69.989998,66.879997,69.410004,69.410004,4938600
5/01/2017,68.43,69.379997,67.360001,68.730003,68.730003,2286800
6/01/2017,68.739998,69.709999,67.860001,68.269997,68.269997,2185200
9/01/2017,67.209999,68.540001,67.150002,68.190002,68.190002,2240200
10/01/2017,68.769997,70.5,68.5,69.900002,69.900002,2783900
11/01/2017,69.959999,70.25,68.330002,69.400002,69.400002,1946200
12/01/2017,68.660004,69.339996,68.309998,68.620003,68.620003,1372500
13/01/2017,68.900002,69.25,67.599998,67.919998,67.919998,1073500
17/01/2017,68.040001,69.279999,68.040001,68.779999,68.779999,1274400
18/01/2017,69.120003,69.120003,67.910004,68.5,68.5,772100
19/01/2017,67.919998,68.18,66.639999,66.989998,66.989998,1366600
20/01/2017,67.309998,67.800003,67.019997,67.32,67.32,1252100
23/01/2017,66.989998,67.220001,66.010002,66.860001,66.860001,1010200
24/01/2017,67.160004,68.150002,67.160004,67.769997,67.769997,1278400
25/01/2017,68.400002,68.870003,68.040001,68.82,68.82,857600
26/01/2017,68.690002,69.040001,67.610001,67.639999,67.639999,1010400
27/01/2017,67.739998,67.739998,66.040001,66.82,66.82,1264600
30/01/2017,66.639999,66.959999,65.669998,66.889999,66.889999,1180600
31/01/2017,65.089996,67.779999,65.089996,67.510002,67.510002,1584200
1/02/2017,67.870003,67.889999,66.080002,66.400002,66.400002,1220300
2/02/2017,67,67.389999,66.410004,66.519997,66.519997,925100
3/02/2017,65.669998,66.779999,65.5,66.389999,66.389999,1413500
6/02/2017,66.239998,66.639999,66,66.470001,66.470001,815600
7/02/2017,66.68,66.739998,65.839996,66.139999,66.139999,936200
8/02/2017,66,67.32,65.919998,67.169998,67.169998,1058800
9/02/2017,67.25,67.900002,66.860001,67,67,1091100
10/02/2017,67.559998,67.870003,66.940002,67.620003,67.620003,1240300
13/02/2017,68.07,68.230003,66.839996,66.989998,66.989998,1376600
14/02/2017,66.830002,67.93,66.290001,67.760002,67.760002,930900
15/02/2017,67.529999,67.879997,66.82,67.160004,67.160004,1014400
16/02/2017,67.230003,67.489998,65.379997,65.970001,65.970001,1630600
17/02/2017,65.889999,66.980003,65.589996,66.730003,66.730003,1213800
21/02/2017,67.220001,67.239998,66.230003,66.720001,66.720001,842200
22/02/2017,66.889999,67.220001,66.550003,67,67,533900
23/02/2017,67.330002,67.379997,64.809998,64.839996,64.839996,1708700
24/02/2017,64.550003,65.760002,64.010002,65.32,65.32,1814100
27/02/2017,65.379997,66.790001,65.32,66.43,66.43,1205200
28/02/2017,66.400002,66.400002,65.029999,65.260002,65.260002,947800
1/03/2017,66.099998,66.169998,64.529999,65.389999,65.389999,1093500
2/03/2017,65.550003,66.970001,65.279999,66.529999,66.529999,1633200
3/03/2017,66.370003,66.559998,65.349998,65.699997,65.699997,2133600
6/03/2017,65.510002,65.709999,64.769997,64.93,64.93,1014300
7/03/2017,64.699997,65.389999,64.699997,65.139999,65.139999,1097700
8/03/2017,65.419998,66.43,65.089996,66.25,66.25,1370300
9/03/2017,65.599998,65.959999,64.800003,65,65,1747000
10/03/2017,65.099998,65.769997,64.669998,65.080002,65.080002,1141500
13/03/2017,65.449997,65.449997,63.650002,63.790001,63.790001,1452300
14/03/2017,63.5,64.169998,63.32,63.669998,63.669998,994100
15/03/2017,64,64.099998,62.779999,63.939999,63.939999,1769000
16/03/2017,64.209999,64.660004,63.75,63.84,63.84,1139900
17/03/2017,64.239998,64.239998,63.23,64.040001,64.040001,2101600
20/03/2017,64.129997,64.220001,63.349998,63.790001,63.790001,1268300
21/03/2017,63.900002,64.32,62.57,62.93,62.93,2958600
22/03/2017,61.799999,62.919998,61.68,62.82,62.82,2340000
23/03/2017,63.189999,63.779999,62.490002,63.080002,63.080002,1817000
24/03/2017,63.009998,63.860001,62.52,63.689999,63.689999,1425800
27/03/2017,63.360001,65.040001,62.950001,64.110001,64.110001,2638000
28/03/2017,64.25,64.330002,63.119999,63.68,63.68,2608300
29/03/2017,64.269997,66.339996,64.010002,66.300003,66.300003,9431100
30/03/2017,51.990002,52.900002,50.5,50.759998,50.759998,49620300
31/03/2017,51.23,51.990002,50.52,51.869999,51.869999,16826900
3/04/2017,52.110001,52.18,50.869999,50.919998,50.919998,7589800
4/04/2017,50.5,50.959999,49.43,49.759998,49.759998,6232700
5/04/2017,49.889999,50.540001,49.400002,49.43,49.43,4784100
6/04/2017,49.599998,50.919998,49.57,50.779999,50.779999,5038800
7/04/2017,50.869999,51.18,50.509998,50.630001,50.630001,3508000
10/04/2017,50.849998,52.689999,50.849998,52.259998,52.259998,7674600
11/04/2017,52.16,52.330002,51.490002,51.700001,51.700001,2778800
12/04/2017,52.709999,53.349998,51.849998,52.080002,52.080002,5521600
13/04/2017,52,52.25,51.200001,51.220001,51.220001,2238200
17/04/2017,51.560001,52.080002,51.400002,52,52,2698600
18/04/2017,51.830002,52.029999,51.439999,51.93,51.93,1942900
19/04/2017,51.93,52.830002,51.810001,52.200001,52.200001,3950800
20/04/2017,52.48,54,52.419998,53.610001,53.610001,5489700
21/04/2017,53.66,53.959999,53.060001,53.080002,53.080002,3010900
24/04/2017,53.549999,53.82,52.419998,52.75,52.75,3284200
25/04/2017,52.75,53.09,51.990002,52.459999,52.459999,2733200
26/04/2017,52.610001,53.209999,52.43,52.720001,52.720001,2826600
27/04/2017,52.91,52.98,51.889999,52.77,52.77,2746200
28/04/2017,52.810001,52.880001,51.48,52,52,4233400
1/05/2017,52.07,52.18,51.380001,51.59,51.59,2129100
2/05/2017,51.869999,52.669998,51.759998,52.459999,52.459999,2614000
3/05/2017,52.599998,52.700001,51.900002,52.209999,52.209999,1476000
4/05/2017,52.049999,52.540001,51.59,51.740002,51.740002,1564700
5/05/2017,51.93,52.040001,51.169998,51.950001,51.950001,2106100
8/05/2017,52.09,52.400002,51.419998,51.689999,51.689999,1911500
9/05/2017,51.75,52.32,51.400002,52.049999,52.049999,2896700
10/05/2017,51.950001,53.279999,51.869999,53.139999,53.139999,2083100
11/05/2017,54.66,55.639999,53.799999,54.619999,54.619999,6398500
12/05/2017,54.48,54.52,52.919998,53.119999,53.119999,3043800
15/05/2017,53.060001,53.060001,51.389999,51.490002,51.490002,3750500
16/05/2017,51,51.18,49.560001,50.040001,50.040001,4429200
17/05/2017,49.66,49.790001,48.610001,49.139999,49.139999,3325100
18/05/2017,49.07,49.599998,48.740002,49.23,49.23,2048000
19/05/2017,49.349998,49.759998,48.099998,49.290001,49.290001,3919500
22/05/2017,49.650002,50.119999,49.299999,49.509998,49.509998,1913600
23/05/2017,49.580002,49.68,48.459999,48.799999,48.799999,2651700
24/05/2017,48.799999,49.150002,48.43,48.779999,48.779999,3253700
25/05/2017,49.189999,49.830002,48.650002,48.689999,48.689999,2365000
26/05/2017,48.52,48.759998,48.029999,48.23,48.23,3020900
30/05/2017,48.389999,48.59,47.639999,47.91,47.91,3877900
31/05/2017,48.02,48.419998,47.259998,48.27,48.27,4010800
1/06/2017,48.27,49.200001,47.73,48.669998,48.669998,8408400
2/06/2017,56.41,56.849998,54.060001,54.290001,54.290001,22797700
5/06/2017,54,54.09,52.73,52.900002,52.900002,6271400
6/06/2017,52.380001,52.619999,51.52,52.049999,52.049999,3972300
7/06/2017,52.110001,52.669998,51.919998,52.25,52.25,2331000
8/06/2017,52.240002,53,51.700001,51.720001,51.720001,1843800
9/06/2017,51.669998,52.189999,51.299999,51.700001,51.700001,3143900
12/06/2017,51.540001,52.299999,51.299999,51.900002,51.900002,2176400
13/06/2017,52.130001,52.59,51.790001,52.389999,52.389999,2148900
14/06/2017,53.25,53.919998,52.869999,53.09,53.09,2953200
15/06/2017,52.77,53.299999,52.299999,53.130001,53.130001,1829000
16/06/2017,52.970001,53.310001,52.310001,52.970001,52.970001,2483800
19/06/2017,53.18,54.009998,52.91,53.84,53.84,2107100
20/06/2017,53.959999,53.959999,52.360001,52.560001,52.560001,2444000
21/06/2017,52.59,53.470001,52.349998,53.290001,53.290001,1812200
22/06/2017,53.240002,54.43,53.119999,54.25,54.25,1795100
23/06/2017,54.470001,55.400002,54.09,55.369999,55.369999,3062800
26/06/2017,55.529999,56.200001,55.119999,55.5,55.5,2968100
27/06/2017,55.48,56.130001,54.959999,55.040001,55.040001,2079800
28/06/2017,55.290001,56.299999,55.119999,56.16,56.16,3067400
29/06/2017,57.34,59.439999,57.009998,59.099998,59.099998,6703500
30/06/2017,59.5,60.220001,59.060001,59.669998,59.669998,3389800
3/07/2017,59.68,60.610001,59.669998,59.990002,59.990002,1023300
5/07/2017,60.009998,60.490002,59.349998,59.75,59.75,2118900
6/07/2017,59.389999,59.549999,57.619999,57.970001,57.970001,2276400
7/07/2017,58.389999,59.099998,58.029999,58.360001,58.360001,1384700
10/07/2017,58.23,58.860001,57.509998,58.68,58.68,1491500
11/07/2017,58.689999,58.950001,58.18,58.779999,58.779999,1319000
12/07/2017,58.900002,59.169998,58.220001,58.720001,58.720001,1144000
13/07/2017,58.880001,59.689999,58.619999,59.330002,59.330002,1470900
14/07/2017,59.610001,60,59.23,59.810001,59.810001,841500
17/07/2017,59.950001,60.669998,59.68,59.740002,59.740002,1490400
18/07/2017,59.490002,60.040001,59.150002,59.380001,59.380001,1371700
19/07/2017,59.919998,61.599998,59.48,61.349998,61.349998,2155300
20/07/2017,61.389999,61.48,60.73,61.110001,61.110001,1681700
21/07/2017,61.029999,62.049999,60.93,61.939999,61.939999,2193100
24/07/2017,61.59,62.259998,61.439999,62.02,62.02,2005700
25/07/2017,60.77,62.16,60.66,61.900002,61.900002,2609000
26/07/2017,61.709999,61.799999,61.259998,61.470001,61.470001,1297100
27/07/2017,61.259998,61.91,60.419998,61.470001,61.470001,1256200
28/07/2017,61.380001,62.200001,61.040001,61.830002,61.830002,1376800
31/07/2017,61.98,61.98,60.939999,61.639999,61.639999,1382100
1/08/2017,61.57,61.73,60.419998,61.610001,61.610001,1279300
2/08/2017,61.549999,61.82,60.939999,61.23,61.23,960100
3/08/2017,60.84,61.57,60.41,60.5,60.5,1501200
4/08/2017,60.779999,62.189999,60.369999,61.759998,61.759998,1644300
7/08/2017,61.900002,62.91,61.77,62.509998,62.509998,1207500
8/08/2017,63,63.860001,62.23,62.529999,62.529999,1386200
9/08/2017,62.080002,62.490002,61.5,61.889999,61.889999,1011200
10/08/2017,61.25,61.5,60.099998,60.25,60.25,1312400
11/08/2017,59.189999,60.84,58.549999,59.759998,59.759998,1410500
14/08/2017,60.029999,60.560001,59.75,59.93,59.93,1594300
15/08/2017,59.299999,60.900002,58.450001,59.5,59.5,3272600
16/08/2017,59.959999,59.990002,59.200001,59.759998,59.759998,1105200
17/08/2017,59.560001,59.830002,58.919998,58.959999,58.959999,1117000
18/08/2017,58.439999,58.919998,57.610001,58.130001,58.130001,1684800
21/08/2017,59.669998,60.470001,57.959999,59.439999,59.439999,4223200
22/08/2017,59.830002,60.080002,59.450001,59.799999,59.799999,1461200
23/08/2017,59.529999,60.5,59.439999,60.34,60.34,1240300
24/08/2017,60.75,61.48,59.810001,60.02,60.02,1898500
25/08/2017,60.220001,60.830002,59.849998,60.209999,60.209999,1195900
28/08/2017,60.689999,61.110001,59.759998,60.130001,60.130001,1364700
29/08/2017,59.91,60.16,58.240002,58.32,58.32,3084700
30/08/2017,58.459999,58.900002,56.869999,57.610001,57.610001,4685800
31/08/2017,57.77,58.32,56.560001,57.549999,57.549999,7728300
1/09/2017,61.220001,62.580002,60.5,61.689999,61.689999,11466100
5/09/2017,62.09,62.18,60.380001,61.560001,61.560001,3698200
6/09/2017,61.48,61.990002,60.560001,61.490002,61.490002,2257000
7/09/2017,61.5,61.610001,60.41,61.299999,61.299999,1770000
8/09/2017,61.02,63,60.689999,62.34,62.34,3571200
11/09/2017,62.48,63.080002,61.860001,61.889999,61.889999,1754200
12/09/2017,62.189999,62.279999,61.330002,61.790001,61.790001,1100200
13/09/2017,61.720001,62.119999,61.310001,61.5,61.5,1163600
14/09/2017,61.25,61.360001,59.790001,61.119999,61.119999,1943000
15/09/2017,61.23,61.380001,60,60.599998,60.599998,2418000
18/09/2017,60.740002,60.93,59.18,59.759998,59.759998,2057500
19/09/2017,59.330002,59.790001,58.009998,58.950001,58.950001,3163800
20/09/2017,58.880001,59.060001,58.060001,58.560001,58.560001,1566600
21/09/2017,58.310001,58.849998,58,58.599998,58.599998,1034200
22/09/2017,57.900002,58.790001,57.869999,58.139999,58.139999,1513800
25/09/2017,57.889999,58.360001,57.189999,57.389999,57.389999,2338700
26/09/2017,57.759998,59.639999,57.759998,59.34,59.34,3060200
27/09/2017,59.330002,60.279999,59.150002,60.130001,60.130001,1930400
28/09/2017,60.02,60.939999,59.91,60.27,60.27,1237800
29/09/2017,60.5,62.330002,60.130001,62.25,62.25,2206800
2/10/2017,62.169998,63.209999,61.740002,62.830002,62.830002,2116200
3/10/2017,62.98,63.349998,61.91,62.220001,62.220001,1654400
4/10/2017,62.139999,62.599998,61.259998,61.34,61.34,1137000
5/10/2017,61.279999,62.279999,61.169998,61.759998,61.759998,1251900
6/10/2017,61.740002,62.080002,61.139999,61.299999,61.299999,1257600
9/10/2017,61.330002,62.099998,60.799999,61.950001,61.950001,1488500
10/10/2017,61.880001,63.400002,61.82,63.310001,63.310001,1569400
11/10/2017,63.27,63.27,62.369999,62.689999,62.689999,1809100
12/10/2017,61.689999,61.900002,60.189999,60.5,60.5,3305500
13/10/2017,60.419998,61.400002,57.549999,59.169998,59.169998,5468600
16/10/2017,59.209999,59.360001,57.82,58.200001,58.200001,2165000
17/10/2017,57.849998,59.849998,57.400002,58.93,58.93,3736900
18/10/2017,59.200001,59.779999,59,59.720001,59.720001,1551400
19/10/2017,59.669998,60.23,59.25,60.09,60.09,1536600
20/10/2017,61.48,63.349998,61.049999,63.290001,63.290001,3497700
23/10/2017,63.380001,64.809998,63.299999,63.830002,63.830002,2255700
24/10/2017,63.709999,63.950001,61.82,61.869999,61.869999,2000600
25/10/2017,61.990002,62.470001,60.779999,62.07,62.07,1491600
26/10/2017,62.310001,63.349998,60.529999,62.009998,62.009998,3152300
27/10/2017,61.82,62.860001,61.5,62.400002,62.400002,1239100
30/10/2017,62.290001,62.52,61.599998,61.720001,61.720001,924800
31/10/2017,61.799999,62.970001,61.459999,61.509998,61.509998,1224600
1/11/2017,62.209999,62.880001,60.810001,61.490002,61.490002,1193900
2/11/2017,61.849998,61.919998,60.52,60.759998,60.759998,1146500
3/11/2017,61.02,61.540001,60.619999,61.150002,61.150002,760100
6/11/2017,61.360001,61.990002,61.27,61.790001,61.790001,1053700
7/11/2017,61.650002,61.709999,60.110001,60.240002,60.240002,1056600
8/11/2017,60.349998,61.75,59.93,61.639999,61.639999,1134300
9/11/2017,61.25,64.300003,61.25,64.010002,64.010002,2567900
10/11/2017,63.919998,65,63.66,64.870003,64.870003,1781100
13/11/2017,64.879997,65.970001,64.07,64.599998,64.599998,1789200
14/11/2017,64.089996,65.059998,63.549999,64.93,64.93,866200
15/11/2017,64.379997,65.610001,63.880001,64.910004,64.910004,901800
16/11/2017,64.900002,65.919998,64.379997,65.709999,65.709999,1009400
17/11/2017,66.290001,67.43,66.110001,66.309998,66.309998,1295300
20/11/2017,66.290001,67.080002,65.800003,66.879997,66.879997,1049900
21/11/2017,66.959999,67.029999,66.160004,66.580002,66.580002,1069600
22/11/2017,66.400002,67.25,66.330002,66.800003,66.800003,897500
24/11/2017,67.010002,67.410004,66.419998,66.790001,66.790001,437800
27/11/2017,67.089996,67.57,65.910004,66.129997,66.129997,1473500
28/11/2017,66.239998,67.599998,66.080002,67.370003,67.370003,1400200
29/11/2017,67.580002,68.589996,66.57,66.870003,66.870003,2588100
30/11/2017,67,68.269997,66.550003,66.959999,66.959999,2181800
1/12/2017,66.779999,67.379997,65.870003,67.220001,67.220001,1795400
4/12/2017,68.349998,68.489998,67.160004,67.220001,67.220001,1902000
5/12/2017,67.029999,67.449997,65.300003,66.360001,66.360001,1859500
6/12/2017,66.080002,67.830002,66.050003,67.660004,67.660004,5815200
7/12/2017,73.349998,73.839996,71.290001,72.010002,72.010002,9129600
8/12/2017,72.480003,74.029999,72.129997,73.769997,73.769997,3176200
11/12/2017,73.779999,74.779999,73.220001,73.639999,73.639999,1900000
12/12/2017,73.470001,74.989998,73.32,74.309998,74.309998,1750000
13/12/2017,74.209999,74.790001,73.739998,74.190002,74.190002,934500
14/12/2017,75.599998,75.949997,74.029999,74.779999,74.779999,2038300
15/12/2017,75.300003,76.010002,74.889999,75.82,75.82,2097400
18/12/2017,76.449997,76.980003,76,76.550003,76.550003,1978200
19/12/2017,77,77.220001,76.410004,76.57,76.57,1410700
20/12/2017,76.870003,77.279999,76.540001,76.879997,76.879997,1185400
21/12/2017,77.349998,78,77.25,77.739998,77.739998,1346000
22/12/2017,77.720001,78.599998,76.959999,78.480003,78.480003,948600
26/12/2017,78.300003,80.040001,78.300003,79.400002,79.400002,1427100
27/12/2017,79.75,79.980003,78.699997,79.279999,79.279999,748200
28/12/2017,79.5,80.099998,79.139999,79.610001,79.610001,1206100
29/12/2017,79.639999,80,78.519997,78.589996,78.589996,1305100
2/01/2018,77.309998,80.269997,77.309998,79.690002,79.690002,2474400
3/01/2018,79.82,80.239998,78.25,78.589996,78.589996,1745400
4/01/2018,78.610001,80.010002,78.300003,79.849998,79.849998,1669600
5/01/2018,80,80.459999,79.18,79.43,79.43,1592900
8/01/2018,81.5,81.919998,77.440002,79.040001,79.040001,3042500
9/01/2018,79,79.760002,78.739998,79.510002,79.510002,1482100
10/01/2018,79.18,79.440002,78.580002,78.860001,78.860001,1141500
11/01/2018,79.290001,79.330002,78.389999,78.989998,78.989998,913000
12/01/2018,79.669998,79.669998,78.529999,78.839996,78.839996,1223400
16/01/2018,78.949997,78.980003,76.449997,76.699997,76.699997,1525900
17/01/2018,77.080002,78.389999,76.809998,77.919998,77.919998,1254100
18/01/2018,78.07,78.760002,77.32,77.57,77.57,1130500
19/01/2018,77.730003,79.699997,77.669998,79.339996,79.339996,1369800
22/01/2018,79.410004,79.639999,78.599998,78.959999,78.959999,1211600
23/01/2018,78.879997,79.93,78.529999,79.699997,79.699997,822500
24/01/2018,79.889999,79.959999,78.220001,79.199997,79.199997,853700
25/01/2018,79.080002,79.389999,78.040001,78.620003,78.620003,934900
26/01/2018,78.620003,79.400002,78.230003,79.080002,79.080002,773200
29/01/2018,78.809998,80.639999,78.639999,79.959999,79.959999,1079200
30/01/2018,79.650002,79.779999,78.540001,79.480003,79.480003,642800
31/01/2018,79.470001,80.050003,77.980003,78.209999,78.209999,1058400
1/02/2018,77.230003,79.25,77.010002,78.809998,78.809998,1492200
2/02/2018,78.790001,79.779999,78.169998,78.620003,78.620003,1593800
5/02/2018,77.989998,79.879997,77.400002,77.410004,77.410004,2085700
6/02/2018,75.660004,78.879997,74.900002,78.620003,78.620003,4084100
7/02/2018,78.769997,82.360001,78.650002,80.989998,80.989998,3060500
8/02/2018,81.75,83.309998,76.629997,76.669998,76.669998,2618400
9/02/2018,77.510002,79,75.43,77.150002,77.150002,2674200
12/02/2018,77.610001,78.440002,76.790001,76.800003,76.800003,2511700
13/02/2018,76.860001,77.720001,76.730003,77.269997,77.269997,3424200
14/02/2018,76.629997,81.830002,76.599998,81.220001,81.220001,3189900
15/02/2018,81.260002,81.540001,78.43,80.919998,80.919998,2867800
16/02/2018,80.849998,82.639999,80.5,81.400002,81.400002,1545300
20/02/2018,80.870003,81.400002,80.169998,80.580002,80.580002,1365300
21/02/2018,80.580002,82.57,80.440002,81.160004,81.160004,1297300
22/02/2018,81.25,82.209999,80.709999,80.830002,80.830002,1689700
23/02/2018,81.300003,82,79.900002,81.860001,81.860001,1285600
26/02/2018,82.43,83,81.220001,82.330002,82.330002,827000
27/02/2018,82.650002,83.589996,80.389999,80.459999,80.459999,1409100
28/02/2018,81.010002,82.440002,80.949997,81.099998,81.099998,1944900
1/03/2018,81.010002,81.940002,79.809998,81.040001,81.040001,1376900
2/03/2018,79.779999,82.290001,79.360001,82.07,82.07,887500
5/03/2018,81.639999,82.239998,80.760002,81.129997,81.129997,1218400
6/03/2018,81.18,83.980003,80.870003,83.690002,83.690002,2864700
7/03/2018,82.910004,83.489998,80.639999,81.32,81.32,1724700
8/03/2018,81.75,81.989998,80.290001,80.75,80.75,1040200
9/03/2018,81.18,82.010002,80.089996,81,81,1589700
12/03/2018,81.169998,81.639999,79.610001,80.330002,80.330002,1528200
13/03/2018,80.970001,81.550003,79.790001,79.800003,79.800003,1632900
14/03/2018,79.949997,80.949997,78.660004,80.75,80.75,2110500
15/03/2018,80.730003,81.629997,79.400002,79.610001,79.610001,985300
16/03/2018,79.470001,81.459999,79.470001,80.760002,80.760002,1233400
19/03/2018,81.029999,81.029999,79.779999,80.279999,80.279999,1144100
20/03/2018,80.25,81.589996,80.019997,81.480003,81.480003,1137200
21/03/2018,81.480003,81.870003,80.309998,80.699997,80.699997,1685800
22/03/2018,80,81.290001,80,81.099998,81.099998,1706400
23/03/2018,81.099998,81.620003,79.260002,79.510002,79.510002,2183200
26/03/2018,80.190002,80.519997,78.32,80.339996,80.339996,2603700
27/03/2018,80.529999,80.709999,77.970001,78.709999,78.709999,4006500
28/03/2018,84.25,87.980003,83.059998,85.959999,85.959999,10706800
29/03/2018,86.790001,89.540001,86.32,89.120003,89.120003,4849400
2/04/2018,89.010002,90.25,86.650002,87.269997,87.269997,3080800
3/04/2018,87.440002,88.989998,87.410004,88.669998,88.669998,1974000
4/04/2018,87.989998,88.760002,87.360001,88.239998,88.239998,2757400
5/04/2018,88.849998,91.440002,88.239998,91.269997,91.269997,3138500
6/04/2018,91.080002,91.349998,88.690002,89.610001,89.610001,3203300
9/04/2018,90,90.849998,89.349998,89.639999,89.639999,1625900
10/04/2018,90.379997,91.190002,90.07,91.010002,91.010002,939300
11/04/2018,90.660004,91.839996,90.510002,91.080002,91.080002,1606200
12/04/2018,91.260002,92.129997,90.879997,92.019997,92.019997,1266900
13/04/2018,92.330002,92.889999,91.190002,91.709999,91.709999,2017700
16/04/2018,92,93.809998,91.75,93.760002,93.760002,1981600
17/04/2018,94.620003,94.849998,94.029999,94.599998,94.599998,2228300
18/04/2018,94.410004,95.660004,94.410004,95,95,2375800
19/04/2018,95,95.580002,94.279999,95.290001,95.290001,1532000
20/04/2018,95.309998,96.370003,95.129997,96.309998,96.309998,2018800
23/04/2018,94.260002,96.959999,94.199997,96.639999,96.639999,2778700
24/04/2018,97.480003,97.980003,96.470001,96.900002,96.900002,2171100
25/04/2018,97.639999,97.970001,96.639999,97.849998,97.849998,1463400
26/04/2018,97.980003,98.809998,97.849998,98.419998,98.419998,1668700
27/04/2018,98.540001,99.389999,98.309998,99.169998,99.169998,2035400
30/04/2018,99.580002,100.57,99.349998,99.800003,99.800003,1497100
1/05/2018,99.449997,99.93,98.760002,99.699997,99.699997,1299800
2/05/2018,99.889999,100.730003,99.400002,99.739998,99.739998,1244500
3/05/2018,99.07,100.449997,99,99.860001,99.860001,1442900
4/05/2018,99.489998,99.650002,95.389999,95.489998,95.489998,3797600
7/05/2018,95.760002,97.510002,95.760002,97.169998,97.169998,2420900
8/05/2018,96.830002,98.279999,96.790001,98.199997,98.199997,1006800
9/05/2018,98.190002,99.059998,97.440002,98.959999,98.959999,919200
10/05/2018,99.309998,99.459999,97.279999,97.910004,97.910004,1167600
11/05/2018,97.769997,98.699997,97.550003,98.540001,98.540001,910600
14/05/2018,98.940002,98.970001,98.040001,98.720001,98.720001,1508100
15/05/2018,98.209999,99.910004,97.779999,98.949997,98.949997,1135900
16/05/2018,99.400002,101.940002,99,101.650002,101.650002,1430100
17/05/2018,101.720001,103.040001,101.370003,102,102,1106700
18/05/2018,101.5,103.120003,101.5,102.82,102.82,1684800
21/05/2018,103.489998,105.260002,103.160004,103.739998,103.739998,1864800
22/05/2018,103.75,104.129997,102.75,102.879997,102.879997,1806900
23/05/2018,102.550003,106.540001,102.019997,105.269997,105.269997,2691200
24/05/2018,105.059998,106.68,104.870003,106.410004,106.410004,1763700
25/05/2018,107.040001,107.489998,105.760002,106.18,106.18,1536600
29/05/2018,106.25,107.68,105.510002,105.68,105.68,2100700
30/05/2018,105.940002,106.980003,104.599998,105.629997,105.629997,3369700
31/05/2018,106.150002,106.459999,103.800003,105.050003,105.050003,4994800
1/06/2018,113.949997,123.839996,113.199997,122.190002,122.190002,14155500
4/06/2018,122.620003,125.099998,121.529999,124.980003,124.980003,3986200
5/06/2018,124.699997,125.769997,123.919998,124.050003,124.050003,2776300
6/06/2018,124.169998,126.849998,123.879997,124.190002,124.190002,2471300
7/06/2018,124.699997,126.470001,122.220001,122.699997,122.699997,2647600
8/06/2018,121.470001,122.949997,120.589996,122.019997,122.019997,3347500
11/06/2018,122.720001,122.75,120.550003,122.370003,122.370003,2779800
12/06/2018,122.519997,125.230003,122.150002,124.959999,124.959999,1959000
13/06/2018,125.379997,127.339996,124.68,125.129997,125.129997,3320800
14/06/2018,125.089996,126.419998,124.639999,125.879997,125.879997,2075800
15/06/2018,124.209999,128.910004,123.550003,128.369995,128.369995,2195300
18/06/2018,127.589996,129.789993,126.900002,129.690002,129.690002,1805100
19/06/2018,128.300003,129.320007,126.830002,128.100006,128.100006,2022300
20/06/2018,128.490005,128.509995,127.07,128.270004,128.270004,1237700
21/06/2018,128.539993,129.580002,126.730003,127.709999,127.709999,1304300
22/06/2018,128.600006,128.600006,124.169998,124.18,124.18,2792000
25/06/2018,124.260002,126.43,122.470001,124.860001,124.860001,1916100
26/06/2018,127,127.599998,125.279999,126.790001,126.790001,1620000
27/06/2018,126.5,127.589996,123.050003,123.879997,123.879997,1618800
28/06/2018,123.790001,125.260002,122.779999,124.940002,124.940002,1816200
29/06/2018,126.239998,127.489998,124.849998,124.849998,124.849998,1143000
2/07/2018,124.989998,125.529999,123.230003,125.480003,125.480003,1387100
3/07/2018,126.120003,126.800003,124.970001,125.230003,125.230003,1280800
5/07/2018,125.809998,125.809998,123.949997,124.519997,124.519997,1323500
6/07/2018,124.730003,128.880005,124.5,128.539993,128.539993,2077100
9/07/2018,130,130.490005,125.879997,126.529999,126.529999,2049000
10/07/2018,126.849998,128.229996,126.269997,127.379997,127.379997,1224500
11/07/2018,126.190002,126.449997,124.620003,125.660004,125.660004,1060400
12/07/2018,126.470001,126.639999,125.019997,125.720001,125.720001,762800
13/07/2018,125.940002,126.830002,124.910004,125.449997,125.449997,881000
16/07/2018,125.269997,127.489998,124.790001,127.260002,127.260002,905300
17/07/2018,127.019997,130.410004,127.019997,129.449997,129.449997,2422700
18/07/2018,129.360001,129.949997,127.519997,128.809998,128.809998,1155600
19/07/2018,128.699997,129.009995,127,127.790001,127.790001,1069900
20/07/2018,127.599998,128.899994,126.290001,126.449997,126.449997,1409300
23/07/2018,126.449997,126.970001,125.07,125.370003,125.370003,1273800
24/07/2018,125.93,126.389999,122.400002,122.980003,122.980003,1689100
25/07/2018,123.660004,125.489998,122.940002,125.029999,125.029999,1326200
26/07/2018,124.75,126.160004,123.190002,124.489998,124.489998,1003800
27/07/2018,124.419998,124.919998,118.849998,120,120,1858100
30/07/2018,120.040001,121.25,118.650002,118.839996,118.839996,1303200
31/07/2018,118.860001,120.650002,117.660004,119.949997,119.949997,1073500
1/08/2018,120.18,121.809998,119.550003,120.550003,120.550003,1886200
2/08/2018,120.93,125.220001,120.529999,124.389999,124.389999,1793700
3/08/2018,124.349998,126.330002,124.349998,126.080002,126.080002,1984100
6/08/2018,125.989998,126.519997,124.379997,126.309998,126.309998,1267200
7/08/2018,127.080002,127.300003,124.989998,125.580002,125.580002,1442400
8/08/2018,125.769997,127.650002,124.849998,127.18,127.18,1534300
9/08/2018,127.739998,128.690002,127.110001,128.160004,128.160004,925600
10/08/2018,127.480003,130.759995,126.779999,130.520004,130.520004,1873900
13/08/2018,131.080002,131.880005,129.289993,129.940002,129.940002,1786600
14/08/2018,130.5,130.919998,127.589996,129.470001,129.470001,1860100
15/08/2018,128.899994,128.899994,125.059998,126.449997,126.449997,1320700
16/08/2018,129.199997,130.479996,127.169998,129.470001,129.470001,1336400
17/08/2018,130.25,130.899994,129.080002,130.190002,130.190002,1061600
20/08/2018,130.929993,137.190002,130.309998,136.669998,136.669998,2691700
21/08/2018,137.300003,139.639999,134.690002,135.610001,135.610001,1593600
22/08/2018,136.279999,138.240005,135.380005,135.479996,135.479996,1294300
23/08/2018,135.490005,137.570007,134.610001,136.199997,136.199997,1049500
24/08/2018,137.149994,140.330002,136.679993,138.759995,138.759995,1884400
27/08/2018,139.220001,140.419998,137.789993,138.160004,138.160004,1469300
28/08/2018,138.320007,139.270004,137.119995,138.679993,138.679993,1907700
29/08/2018,138.699997,138.940002,135.080002,138.699997,138.699997,2154600
30/08/2018,137.800003,138.380005,135.690002,137,137,4293400
31/08/2018,153.300003,159.789993,153.009995,154.929993,154.929993,14304200
4/09/2018,154.860001,160,154.710007,157.289993,157.289993,4466300
5/09/2018,157.169998,157.289993,152.080002,152.740005,152.740005,2638400
6/09/2018,153.570007,154.970001,150.779999,151,151,2365600
7/09/2018,150.740005,153.990005,150.589996,150.820007,150.820007,2052400
10/09/2018,151.5,154.779999,151.5,154.110001,154.110001,1365500
11/09/2018,154.169998,155.25,152.199997,153.229996,153.229996,1486500
12/09/2018,153.300003,154.070007,150.869995,153.009995,153.009995,1372300
13/09/2018,153.160004,154.820007,152.199997,154.600006,154.600006,1275800
14/09/2018,154.729996,155.639999,152.470001,153.710007,153.710007,1193300
17/09/2018,159.100006,160.679993,154.820007,155.380005,155.380005,2620000
18/09/2018,155.690002,158.940002,153.800003,158.440002,158.440002,1434300
19/09/2018,158.630005,158.630005,154.050003,155.210007,155.210007,1621100
20/09/2018,155.449997,156.399994,154.389999,155.970001,155.970001,1241400
21/09/2018,156.589996,158.130005,154.630005,156.990005,156.990005,2070600
24/09/2018,156.789993,157.779999,156.029999,157.339996,157.339996,1196100
25/09/2018,157.550003,159.080002,157.080002,158.410004,158.410004,1220400
26/09/2018,157.75,159.880005,156.770004,158.960007,158.960007,1010500
27/09/2018,160,161.5,158.660004,161.240005,161.240005,1682400
28/09/2018,161.25,164.139999,161.25,162.490005,162.490005,1525200
1/10/2018,163.800003,164.789993,161.190002,161.639999,161.639999,1012900
2/10/2018,162.880005,163.130005,160,160.199997,160.199997,1336200
3/10/2018,161.25,161.830002,159.350006,161.520004,161.520004,1237700
4/10/2018,160.220001,161.080002,156.330002,157.039993,157.039993,1484800
5/10/2018,156.690002,158.339996,151.460007,153.839996,153.839996,2133800
8/10/2018,153.020004,154.919998,148.339996,150.779999,150.779999,2739500
9/10/2018,149.839996,153.449997,149,150.25,150.25,1592400
10/10/2018,149.169998,149.559998,140.399994,140.679993,140.679993,2542600
11/10/2018,139.289993,144.910004,137.679993,140.509995,140.509995,2169500
12/10/2018,145.529999,146.899994,141.070007,143.710007,143.710007,3529000
15/10/2018,146.789993,146.979996,142.860001,144.460007,144.460007,1626400
16/10/2018,145.559998,147.220001,142.970001,146.830002,146.830002,1859900
17/10/2018,146.979996,147.770004,142.75,143.570007,143.570007,1286700
18/10/2018,143.089996,145.649994,140.919998,142.679993,142.679993,1748000
19/10/2018,143.479996,144.100006,136.529999,136.770004,136.770004,2090700
22/10/2018,136.470001,140.899994,136.020004,139.949997,139.949997,1979300
23/10/2018,137.210007,137.720001,133.130005,137.429993,137.429993,2004300
24/10/2018,140.800003,140.970001,134.160004,134.289993,134.289993,1771100
25/10/2018,134.309998,138.589996,134,137.220001,137.220001,1664900
26/10/2018,134.490005,136.669998,133.139999,134.820007,134.820007,1712400
29/10/2018,136.690002,139.149994,133.949997,135.880005,135.880005,1726800
30/10/2018,135.360001,142.630005,135.119995,142.130005,142.130005,2120700
31/10/2018,143.75,146.600006,140.660004,140.729996,140.729996,2360600
1/11/2018,141.660004,144.649994,138.970001,144.169998,144.169998,1665000
2/11/2018,145.369995,145.449997,140.039993,142.020004,142.020004,1499300
5/11/2018,143.279999,143.839996,139.149994,142.199997,142.199997,1515100
6/11/2018,141.830002,143.600006,139.919998,141.130005,141.130005,1402400
7/11/2018,141.770004,144.559998,139.679993,143.229996,143.229996,1706400
8/11/2018,143.270004,143.789993,140.110001,142.270004,142.270004,1516300
9/11/2018,141.389999,142,136.380005,137.559998,137.559998,1693400
12/11/2018,137.279999,138.360001,134.660004,135.419998,135.419998,1739600
13/11/2018,135.529999,140.350006,134.649994,138.699997,138.699997,1835300
14/11/2018,140.869995,144.070007,138.380005,140.130005,140.130005,2621600
15/11/2018,138.330002,139.979996,134.699997,139.830002,139.830002,1850400
16/11/2018,138.080002,138.080002,134.350006,134.529999,134.529999,1788100
19/11/2018,134.5,135.880005,126.620003,126.989998,126.989998,2698700
20/11/2018,119.449997,124.949997,118.519997,121.389999,121.389999,3049400
21/11/2018,122.190002,124.629997,121.870003,123.879997,123.879997,1888100
23/11/2018,122.5,124.010002,120.610001,120.860001,120.860001,841400
26/11/2018,122.040001,125.419998,121.870003,123.760002,123.760002,3322100
27/11/2018,122.900002,124.339996,121.400002,122.769997,122.769997,1465000
28/11/2018,123.940002,129.289993,123.940002,128.990005,128.990005,2213300
29/11/2018,128.029999,130.440002,126.839996,129.460007,129.460007,2087000
30/11/2018,129.25,133.259995,129.25,132.550003,132.550003,2660400
3/12/2018,137,140.080002,134.100006,139.889999,139.889999,3654000
4/12/2018,139.5,139.580002,131.320007,133.619995,133.619995,3244300
6/12/2018,133,134.710007,126.559998,131.440002,131.440002,5622300
7/12/2018,132,136.259995,113.610001,113.870003,113.870003,8058700
10/12/2018,113.349998,116.589996,112.370003,115.010002,115.010002,3938200
11/12/2018,117.029999,119.93,115.800003,116.849998,116.849998,3047000
12/12/2018,120.209999,123.529999,118.5,122.650002,122.650002,4589200
13/12/2018,122.989998,125.800003,118.150002,120.199997,120.199997,4675300
14/12/2018,118.43,122.150002,117.610001,119.120003,119.120003,2954000
17/12/2018,119.830002,122,117.5,118.870003,118.870003,3901500
18/12/2018,120.019997,122.410004,118.379997,119.199997,119.199997,3708800
19/12/2018,119.519997,120.769997,114.150002,115.709999,115.709999,2759200
20/12/2018,114.830002,118.209999,111.339996,115.010002,115.010002,3271600
21/12/2018,116.760002,119.75,113.529999,113.739998,113.739998,5420500
24/12/2018,112.209999,115.889999,110.709999,113.260002,113.260002,1627000
26/12/2018,114.129997,122.739998,114.099998,122.660004,122.660004,2557300
27/12/2018,120.639999,124.18,118.690002,123.339996,123.339996,1950300
28/12/2018,124.400002,125.370003,120.639999,121.400002,121.400002,2167000
31/12/2018,123.120003,123.339996,120.559998,121.610001,121.610001,1447300
2/01/2019,118.889999,124.589996,118.279999,123.349998,123.349998,2085800
3/01/2019,121.849998,126.120003,120.32,124.360001,124.360001,2896800
4/01/2019,125.849998,129.570007,125.309998,128.550003,128.550003,2184600
7/01/2019,129.330002,135.100006,129.330002,134.100006,134.100006,2860000
8/01/2019,135.520004,137.179993,133.669998,135.860001,135.860001,2322600
9/01/2019,137.5,137.509995,134.639999,136,136,3339000
10/01/2019,131.029999,132.410004,129.5,131.610001,131.610001,3402100
11/01/2019,130.970001,133.149994,130.570007,132.160004,132.160004,2949700
14/01/2019,136.639999,145,135.380005,139.729996,139.729996,7152000
15/01/2019,139.360001,141.649994,138.509995,141.130005,141.130005,2619600
16/01/2019,142.360001,143.25,141.369995,142.240005,142.240005,1783500
17/01/2019,141.729996,146.039993,141.729996,145.139999,145.139999,3012100
18/01/2019,147.520004,152.179993,147.070007,152.070007,152.070007,3277100
22/01/2019,150.520004,151.660004,148.320007,149.470001,149.470001,1828200
23/01/2019,151.429993,151.729996,147.75,149.850006,149.850006,1602100
24/01/2019,150,150.259995,147.229996,148.429993,148.429993,2033600
25/01/2019,150,152.809998,148.429993,151.889999,151.889999,1731700
28/01/2019,150.339996,150.770004,148.619995,149.699997,149.699997,1417000
29/01/2019,149.830002,149.929993,147.809998,148.949997,148.949997,1297400
30/01/2019,150.139999,150.399994,148.229996,148.610001,148.610001,1380000
31/01/2019,148.309998,148.929993,146.309998,147.809998,147.809998,2517100
1/02/2019,147.449997,147.850006,144.360001,146.119995,146.119995,1749900
4/02/2019,145.339996,147.449997,144.679993,146.639999,146.639999,1689800
5/02/2019,147.550003,151.570007,146.679993,146.889999,146.889999,2138500
6/02/2019,146.960007,147.270004,143.470001,145.759995,145.759995,1452900
7/02/2019,144.330002,147.669998,143.059998,147.630005,147.630005,1803200
8/02/2019,147.130005,150,147,148.619995,148.619995,1450400
11/02/2019,149.699997,151.929993,149.279999,149.789993,149.789993,1509200
12/02/2019,150.860001,157.550003,150.570007,157.320007,157.320007,4021900
13/02/2019,157.940002,158.669998,154.110001,155.270004,155.270004,2090600
14/02/2019,153.509995,156.419998,152.350006,154.850006,154.850006,1121000
15/02/2019,155.600006,156.229996,150.539993,151.089996,151.089996,1925900
19/02/2019,149.179993,149.800003,145.529999,147.570007,147.570007,2451500
20/02/2019,147.449997,149.509995,147.029999,148.119995,148.119995,1396900
21/02/2019,147.470001,149.110001,147.050003,148.110001,148.110001,977300
22/02/2019,148.699997,149.360001,147.5,149.259995,149.259995,966400
25/02/2019,150.119995,151.509995,148.050003,148.539993,148.539993,1216900
26/02/2019,148.199997,151.399994,148.190002,150.979996,150.979996,1469000
27/02/2019,150,152.149994,149.050003,150.559998,150.559998,1146300
28/02/2019,150.179993,151.229996,148.529999,150.419998,150.419998,1234600
1/03/2019,152.559998,153.949997,150.190002,151.380005,151.380005,1671900
4/03/2019,152.100006,152.889999,146.460007,147.779999,147.779999,1450000
5/03/2019,148.070007,149.679993,147.449997,148.899994,148.899994,983300
6/03/2019,149.600006,150.229996,147.660004,149.089996,149.089996,805300
7/03/2019,148.369995,148.919998,146.419998,147.699997,147.699997,1465100
8/03/2019,146.009995,146.619995,141.779999,142.509995,142.509995,2785400
11/03/2019,143,145.539993,142.350006,145.289993,145.289993,2086500
12/03/2019,145.279999,146.059998,142.669998,145.789993,145.789993,2090100
13/03/2019,146.149994,147.710007,145.25,145.410004,145.410004,1309800
14/03/2019,145.089996,145.089996,141.009995,144.179993,144.179993,2284200
15/03/2019,145.229996,145.479996,141.550003,141.789993,141.789993,2251100
18/03/2019,141.649994,144.490005,141.509995,144.330002,144.330002,1587700
19/03/2019,144.660004,146.300003,143.770004,144.990005,144.990005,1176500
20/03/2019,145.419998,145.5,142.130005,144.350006,144.350006,1267900
21/03/2019,144.639999,149.550003,144.539993,148.910004,148.910004,1672900
22/03/2019,145.729996,147.630005,142.240005,143.210007,143.210007,2644600
25/03/2019,142.910004,147.369995,141.339996,146.580002,146.580002,2539900
26/03/2019,148.009995,148.429993,142.800003,143.559998,143.559998,3010800
27/03/2019,144.320007,146.860001,143.880005,146.800003,146.800003,5524400
28/03/2019,169.149994,171.449997,166.100006,167.539993,167.539993,14698300
29/03/2019,165.910004,168.300003,162.949997,163.869995,163.869995,7223700
1/04/2019,164.759995,167.199997,163.220001,165.520004,165.520004,3958200
2/04/2019,165.610001,166.699997,164.009995,165.470001,165.470001,2207600
3/04/2019,165.600006,167.5,163.949997,166.210007,166.210007,1865300
4/04/2019,166.270004,171.690002,166.149994,171.369995,171.369995,2790400
5/04/2019,172.039993,172.899994,168.839996,169.369995,169.369995,1951900
8/04/2019,168.779999,170.399994,168.360001,169.770004,169.770004,2135300
9/04/2019,169.410004,169.800003,165.529999,167.520004,167.520004,2475600
10/04/2019,168.300003,169.820007,166.679993,167.460007,167.460007,1573800
11/04/2019,167.690002,168.660004,166.929993,168,168,1409400
12/04/2019,168.5,170.679993,167.5,169.880005,169.880005,1523400
15/04/2019,170.020004,173.070007,170.020004,172.009995,172.009995,2475600
16/04/2019,173,173.320007,168.729996,169.330002,169.330002,1759700
17/04/2019,169.889999,171.990005,167.929993,171.229996,171.229996,1674600
18/04/2019,171.740005,174.639999,169.720001,173.309998,173.309998,2293200
22/04/2019,173.199997,173.660004,172.039993,173.020004,173.020004,1260900
23/04/2019,174.509995,177.160004,173.029999,176.779999,176.779999,2411900
24/04/2019,177.789993,179.5,174.410004,178.270004,178.270004,2474900
25/04/2019,178.339996,179.220001,176.610001,177.289993,177.289993,1713300
26/04/2019,177.75,178.039993,175.410004,177.089996,177.089996,1585600
29/04/2019,176.610001,178.850006,176.5,177.5,177.5,1798700
30/04/2019,177.259995,177.75,175.630005,176.350006,176.350006,1268800
1/05/2019,176.229996,178.270004,175.580002,175.669998,175.669998,1306800
2/05/2019,176.649994,177.75,174.809998,176.550003,176.550003,1369500
3/05/2019,176.839996,178.979996,176.009995,178.639999,178.639999,1036600
6/05/2019,175.199997,178.220001,174.589996,177.690002,177.690002,919900
7/05/2019,177,177.5,172.100006,173.979996,173.979996,1818600
8/05/2019,173.860001,177,172.789993,175.169998,175.169998,1008300
9/05/2019,173.529999,174.889999,171.279999,173.710007,173.710007,1218400
10/05/2019,173.509995,175.110001,170.009995,173.679993,173.679993,1120500
13/05/2019,170,171.130005,166.220001,167.570007,167.570007,2019700
14/05/2019,168.539993,171.509995,167.320007,170.679993,170.679993,1684300
15/05/2019,169.820007,173.75,168.850006,172.880005,172.880005,1223300
16/05/2019,173.899994,177.059998,173.679993,176.800003,176.800003,1330000
17/05/2019,176.490005,176.649994,172.559998,173,173,1577400
20/05/2019,171.050003,174.860001,170.279999,174.149994,174.149994,1077000
21/05/2019,174.880005,177.270004,174.600006,176.529999,176.529999,1444800
22/05/2019,176,176.210007,174.529999,175.720001,175.720001,877500
23/05/2019,173.559998,174.929993,169.990005,170.199997,170.199997,1654100
24/05/2019,171.169998,173.240005,170.550003,172.720001,172.720001,1509600
28/05/2019,173.110001,176.039993,173.020004,173.550003,173.550003,2222300
29/05/2019,172.440002,172.800003,160.880005,161.589996,161.589996,4857100
30/05/2019,161.570007,165.289993,161.570007,163.850006,163.850006,1915300
31/05/2019,161.050003,165.630005,160.880005,165.589996,165.589996,1663700
3/06/2019,165.830002,167.5,162.289993,163.869995,163.869995,1634900
4/06/2019,165.399994,169.360001,165.020004,169,169,1273600
5/06/2019,170.139999,173.820007,169.380005,173.520004,173.520004,1814500
6/06/2019,173.509995,173.539993,169.710007,170.380005,170.380005,1685700
7/06/2019,171.660004,172.800003,169.589996,172.490005,172.490005,1846600
10/06/2019,174.339996,176.380005,170.979996,171.350006,171.350006,1930900
11/06/2019,172.309998,173.940002,170.309998,171.630005,171.630005,2016200
12/06/2019,171.929993,173.449997,169.289993,170.889999,170.889999,5307100
13/06/2019,181.990005,182.889999,172.5,174.520004,174.520004,11076700
14/06/2019,173.039993,177.720001,171.600006,176.710007,176.710007,3635700
17/06/2019,177.740005,184.679993,177.089996,183.339996,183.339996,3987500
18/06/2019,185.570007,188.800003,184.449997,188.029999,188.029999,3034100
19/06/2019,188.100006,189,186.089996,187.100006,187.100006,1827600
20/06/2019,189.199997,190.520004,185.369995,186.5,186.5,2366000
21/06/2019,184.600006,184.800003,180.850006,181.869995,181.869995,4115900
24/06/2019,182.160004,184.309998,181.550003,182.639999,182.639999,2053200
25/06/2019,182.639999,182.889999,175.169998,177.259995,177.259995,2708600
26/06/2019,178.080002,180.740005,177.029999,177.309998,177.309998,1944500
27/06/2019,177.720001,180.690002,177.089996,180.110001,180.110001,1410700
28/06/2019,181,181.110001,178.649994,180.210007,180.210007,3067000
1/07/2019,182.330002,183.830002,179.309998,179.949997,179.949997,1813300
2/07/2019,179.949997,182.699997,179.589996,180.860001,180.860001,1859500
3/07/2019,181.509995,184.470001,180.800003,183.990005,183.990005,1178800
5/07/2019,183.199997,183.460007,180.699997,183.210007,183.210007,1511700
8/07/2019,181.860001,186.949997,181.600006,186.800003,186.800003,1882900
9/07/2019,184.929993,186.5,183.899994,186.050003,186.050003,2323100
10/07/2019,187,187.320007,183.160004,183.869995,183.869995,1467000
11/07/2019,183.710007,184.410004,181.600006,183.070007,183.070007,1244600
12/07/2019,185,190.520004,184.610001,189.520004,189.520004,3094500
15/07/2019,189.720001,191.440002,186.75,189.169998,189.169998,1815400
16/07/2019,189.320007,191.139999,187.669998,190.179993,190.179993,1430100
17/07/2019,190.330002,190.960007,188.990005,190.380005,190.380005,959700
18/07/2019,189.559998,190.5,187.100006,189.389999,189.389999,1114900
19/07/2019,190.100006,190.550003,187.880005,187.940002,187.940002,952800
22/07/2019,189.460007,189.660004,186.080002,187.75,187.75,970100
23/07/2019,189,189.839996,186.710007,189.070007,189.070007,1040800
24/07/2019,189.070007,192.419998,189.070007,192.210007,192.210007,1067800
25/07/2019,192.949997,193.710007,190.699997,191.210007,191.210007,1017100
26/07/2019,192.25,192.740005,189.809998,190.610001,190.610001,899000
29/07/2019,190.669998,192.339996,188.679993,192.089996,192.089996,841800
30/07/2019,190.979996,193.460007,189.460007,191.770004,191.770004,1075500
31/07/2019,191,194.25,189.039993,191.089996,191.089996,1256800
1/08/2019,191.279999,192.149994,184.070007,185.449997,185.449997,1662300
2/08/2019,184.600006,184.889999,177.600006,178.929993,178.929993,1937700
5/08/2019,173.600006,176.550003,172.119995,174.460007,174.460007,2364500
6/08/2019,176.5,180.460007,175.820007,179.630005,179.630005,1371900
7/08/2019,177.440002,181.589996,176.020004,181.360001,181.360001,1009300
8/08/2019,182.600006,186.880005,182.259995,186.350006,186.350006,1481200
9/08/2019,185.350006,186,180.940002,182.820007,182.820007,950700
12/08/2019,182,182.050003,177.660004,178.820007,178.820007,965400
13/08/2019,177.619995,183.720001,176.419998,179.589996,179.589996,1677500
14/08/2019,176.050003,176.860001,174.009995,174.679993,174.679993,1770800
15/08/2019,176.199997,176.350006,172.440002,175.440002,175.440002,1136600
16/08/2019,177.509995,179.539993,176.179993,177.830002,177.830002,977600
19/08/2019,179.949997,181.029999,177.369995,178.669998,178.669998,1181500
20/08/2019,178.839996,180.600006,177.240005,179.669998,179.669998,1039200
21/08/2019,182,183.529999,179.910004,183.330002,183.330002,971300
22/08/2019,183.880005,185.119995,180.779999,183.970001,183.970001,1070600
23/08/2019,183,184.119995,178.830002,180.029999,180.029999,1654100
26/08/2019,182.979996,182.979996,180.160004,182.350006,182.350006,805400
27/08/2019,182.949997,183.800003,179.800003,180.110001,180.110001,1428400
28/08/2019,179.25,183.080002,178.529999,182.699997,182.699997,893100
29/08/2019,184.830002,187.199997,184.160004,186.059998,186.059998,1423100
30/08/2019,187.479996,187.740005,182.589996,184.669998,184.669998,1239900
3/09/2019,183.529999,184.259995,178.259995,179.539993,179.539993,2558300
4/09/2019,180.649994,181.860001,179.990005,180.699997,180.699997,2098900
5/09/2019,184,188.949997,183.880005,188.410004,188.410004,5871700
6/09/2019,197.789993,204.440002,197.75,203.139999,203.139999,10969400
9/09/2019,203.509995,203.759995,194.059998,194.389999,194.389999,3878600
10/09/2019,194.289993,194.289993,190.899994,193.259995,193.259995,2538300
11/09/2019,193.020004,198.779999,192,196.410004,196.410004,2173600
12/09/2019,198.169998,201.550003,196.880005,198.729996,198.729996,2322500
13/09/2019,198.800003,199.419998,194.860001,195.179993,195.179993,1512700
16/09/2019,194.160004,194.910004,192.119995,193.699997,193.699997,1310800
17/09/2019,193.5,197.330002,193.380005,195.470001,195.470001,1201900
18/09/2019,195.460007,197.160004,192.649994,195.360001,195.360001,1410500
19/09/2019,195.699997,196.059998,193.169998,193.610001,193.610001,1319300
20/09/2019,194.080002,196.039993,189.179993,189.300003,189.300003,2431000
23/09/2019,190.699997,195.869995,190.699997,195.179993,195.179993,2339800
24/09/2019,196.449997,196.789993,190.740005,193.850006,193.850006,2009300
25/09/2019,193.940002,195.100006,190.570007,193.020004,193.020004,1335000
26/09/2019,192.360001,193.929993,189.639999,191.539993,191.539993,962400
27/09/2019,192.679993,192.960007,188.550003,189.720001,189.720001,1117900
30/09/2019,190.320007,193.410004,190.050003,192.529999,192.529999,1213300
1/10/2019,193.410004,194.070007,191.320007,192.690002,192.690002,1317200
2/10/2019,190.919998,191.75,187.119995,189.130005,189.130005,1351900
3/10/2019,188.759995,190.300003,185.360001,190.149994,190.149994,1382800
4/10/2019,190.449997,193.429993,189.949997,193.119995,193.119995,1193700
7/10/2019,191.919998,193.399994,190.809998,191.660004,191.660004,1162200
8/10/2019,190.059998,194.240005,188.940002,191.369995,191.369995,1150500
9/10/2019,193.850006,194.5,192,192.160004,192.160004,904300
10/10/2019,192.279999,198.220001,191.610001,198.130005,198.130005,2435700
11/10/2019,199.550003,202.979996,199.550003,201.619995,201.619995,2285700
14/10/2019,201.889999,205.110001,201.240005,203.039993,203.039993,1826100
15/10/2019,203.399994,205.399994,202.309998,203.889999,203.889999,2059300
16/10/2019,202.360001,203.929993,201.669998,203.080002,203.080002,1440000
17/10/2019,204.800003,205.649994,204.229996,204.960007,204.960007,1308200
18/10/2019,203.699997,209.020004,203.309998,207.110001,207.110001,2358000
21/10/2019,207.160004,207.649994,203,205.279999,205.279999,1563400
22/10/2019,206.419998,207.169998,203.960007,204.399994,204.399994,1038300
23/10/2019,204.050003,206.419998,203.5,205.460007,205.460007,1067700
24/10/2019,205.220001,206.880005,204.910004,206.839996,206.839996,835800
25/10/2019,206.350006,208.059998,205,208,208,993400
28/10/2019,203.899994,207.529999,203,205.970001,205.970001,2423600
29/10/2019,206.130005,207.479996,204.660004,205.580002,205.580002,1179100
30/10/2019,205.770004,206.110001,204.300003,205.850006,205.850006,1283400
31/10/2019,205.350006,207.399994,203.149994,204.270004,204.270004,1802500
1/11/2019,205.179993,205.660004,199.229996,200.690002,200.690002,2010400
4/11/2019,203.889999,204,194.149994,196.479996,196.479996,2671000
5/11/2019,197,197.889999,191.210007,194.339996,194.339996,2104600
6/11/2019,196.979996,200.899994,194.289993,200.740005,200.740005,2484500
7/11/2019,202,203.550003,200.899994,202.820007,202.820007,1791400
8/11/2019,202.580002,204.309998,202.270004,204.130005,204.130005,1302600
11/11/2019,203.25,207.190002,202.690002,207.190002,207.190002,1262500
12/11/2019,207.179993,208.740005,206.669998,207.809998,207.809998,1726900
13/11/2019,207.589996,211.309998,206.960007,211.110001,211.110001,1721800
14/11/2019,210.039993,213.639999,210,213.220001,213.220001,1252800
15/11/2019,214.309998,216.050003,212.259995,215.910004,215.910004,1492700
18/11/2019,214.5,219.080002,213.960007,218.460007,218.460007,2023600
19/11/2019,217.789993,219.970001,216.509995,216.880005,216.880005,1731000
20/11/2019,216.839996,218.059998,215.330002,217.039993,217.039993,1534600
21/11/2019,216.979996,218.899994,216.509995,216.740005,216.740005,978000
22/11/2019,218,220,215.110001,219.899994,219.899994,1998500
25/11/2019,222.029999,226.660004,222,222.160004,222.160004,1812900
26/11/2019,223.259995,225.009995,220.25,222.839996,222.839996,1522000
27/11/2019,223.889999,229.649994,223.039993,228.830002,228.830002,1772500
29/11/2019,228.740005,228.839996,225.570007,225.690002,225.690002,783500
2/12/2019,226.25,227,222.809998,225.529999,225.529999,1420100
3/12/2019,222.570007,223.990005,220.899994,223.190002,223.190002,1465000
4/12/2019,225,226.330002,223.479996,225.580002,225.580002,1555500
5/12/2019,227.5,230.820007,226.279999,230.789993,230.789993,1388900
6/12/2019,232.559998,233.119995,229.059998,229.380005,229.380005,1921700
9/12/2019,232.029999,233.529999,230.229996,230.880005,230.880005,2131300
10/12/2019,231.669998,231.699997,227.070007,229.649994,229.649994,2920200
11/12/2019,229.899994,235.5,228,233.190002,233.190002,5272000
12/12/2019,226.050003,228.820007,218.179993,224.470001,224.470001,11270200
13/12/2019,220.429993,225.5,218.809998,223.550003,223.550003,5234700
16/12/2019,224.720001,227.320007,223.759995,225.350006,225.350006,2771000
17/12/2019,225.830002,226.440002,221.460007,222.979996,222.979996,2310300
18/12/2019,223.970001,225.600006,223.300003,224.309998,224.309998,2071200
19/12/2019,223.789993,224.75,222.270004,224.130005,224.130005,1808600
20/12/2019,224.690002,230.570007,224.389999,230.289993,230.289993,3295500
23/12/2019,230.800003,231.139999,227.070007,228.130005,228.130005,1453000
24/12/2019,228.470001,229.410004,227.110001,229.029999,229.029999,613600
26/12/2019,229.389999,233.419998,229.309998,231.169998,231.169998,1790500
27/12/2019,232.559998,232.789993,229.759995,230.020004,230.020004,1515700
30/12/2019,229.800003,231.75,227.529999,230.830002,230.830002,1204300
31/12/2019,231.139999,232,229.669998,231.669998,231.669998,943200
2/01/2020,232.899994,233.470001,231.770004,233.419998,233.419998,1449300
3/01/2020,231.240005,234.5,230.229996,232.639999,232.639999,1315400
6/01/2020,231.490005,235.529999,230.800003,235.429993,235.429993,1460700
7/01/2020,235.5,236.850006,233.339996,233.699997,233.699997,1367900
8/01/2020,234.880005,238.009995,234.009995,237.270004,237.270004,1883900
9/01/2020,239.220001,239.470001,235.289993,235.899994,235.899994,1141300
10/01/2020,236.210007,236.279999,233.259995,234.839996,234.839996,1178100
13/01/2020,238.570007,245.350006,238.110001,245.179993,245.179993,4118600
14/01/2020,246.279999,247.509995,243.449997,243.770004,243.770004,1644000
15/01/2020,245.149994,246.039993,243.389999,243.490005,243.490005,996800
16/01/2020,245,245.520004,241.789993,243.710007,243.710007,1409700
17/01/2020,245.509995,245.729996,241.149994,241.25,241.25,1335400
21/01/2020,241.429993,243.479996,240,242.520004,242.520004,1604700
22/01/2020,243.300003,246.020004,243.059998,244.300003,244.300003,1205800
23/01/2020,242.619995,244.279999,241.5,243.059998,243.059998,868700
24/01/2020,243.740005,245.059998,239.270004,240.350006,240.350006,938200
27/01/2020,233.800003,237.869995,231.839996,236.740005,236.740005,1292000
28/01/2020,238.660004,240.190002,236.330002,239.350006,239.350006,971400
29/01/2020,240.320007,244.330002,238.770004,243.660004,243.660004,998200
30/01/2020,241.839996,244,240.899994,243.770004,243.770004,770900
31/01/2020,243.479996,243.580002,239.300003,239.389999,239.389999,1391600
3/02/2020,240.179993,247.699997,240.179993,246.369995,246.369995,1792000
4/02/2020,249.850006,250.100006,247.660004,247.990005,247.990005,1354900
5/02/2020,249.149994,249.710007,243.559998,243.899994,243.899994,1518600
6/02/2020,244.350006,244.529999,242.789993,243.779999,243.779999,1155900
7/02/2020,243.770004,246.889999,242.169998,243.509995,243.509995,1087600
10/02/2020,244.020004,249.740005,244.020004,248.539993,248.539993,1192100
11/02/2020,249.339996,252.389999,248.339996,251.580002,251.580002,1014700
12/02/2020,252.110001,254.160004,250.779999,253.940002,253.940002,658100
13/02/2020,253.410004,256.799988,252.369995,253.860001,253.860001,905300
14/02/2020,254.679993,256,253.149994,254.410004,254.410004,950700
18/02/2020,254.009995,259.73999,253.660004,259.230011,259.230011,1273700
19/02/2020,261,263.5,259.809998,262.51001,262.51001,908000
20/02/2020,262.929993,266.200012,258.75,263.679993,263.679993,1518400
21/02/2020,263,265.100006,253.800003,255.899994,255.899994,1587700
24/02/2020,245.389999,247.869995,235.690002,246.210007,246.210007,1875000
25/02/2020,248.380005,250.449997,237.050003,238.809998,238.809998,1550900
26/02/2020,239.149994,244.130005,237.039993,238.559998,238.559998,1219000
27/02/2020,230.440002,232.479996,220.210007,220.699997,220.699997,2834900
28/02/2020,210,217.699997,208.899994,217.410004,217.410004,3748400
2/03/2020,219.190002,229.210007,216.490005,228.899994,228.899994,2333900
3/03/2020,228.869995,235.419998,225.960007,227.130005,227.130005,3570700
4/03/2020,231.509995,232.880005,221.240005,231.619995,231.619995,1723700
5/03/2020,225.399994,227.380005,216.149994,221.190002,221.190002,2005000
6/03/2020,213.259995,223.350006,212.240005,218.550003,218.550003,2494400
9/03/2020,202,208.330002,194.240005,199.770004,199.770004,2292500
10/03/2020,206.369995,206.990005,197.110001,204.119995,204.119995,2274000
11/03/2020,199.389999,201.490005,191.389999,193.740005,193.740005,2114700
12/03/2020,179.449997,180.330002,167.330002,169.130005,169.130005,3906800
13/03/2020,175.899994,176.789993,162.320007,176.75,176.75,2933300
16/03/2020,155.490005,155.889999,138.289993,138.979996,138.979996,4568200
17/03/2020,141.699997,156.800003,136.089996,144.880005,144.880005,3764700
18/03/2020,135.119995,140.639999,128.850006,140.360001,140.360001,3809600
19/03/2020,136.330002,162.779999,136.330002,154.860001,154.860001,2989600
20/03/2020,163.509995,182.529999,162.600006,165.009995,165.009995,5338000
23/03/2020,165.550003,180.360001,165.050003,172.300003,172.300003,4267500
24/03/2020,183.25,194.899994,180.100006,192.740005,192.740005,2912900
25/03/2020,195.5,202.860001,192.429993,193.619995,193.619995,3336400
26/03/2020,197.050003,202.839996,189.050003,200.800003,200.800003,4117800
27/03/2020,192.5,195.550003,184.059998,188.839996,188.839996,3572100
30/03/2020,188.5,196.960007,183.029999,193.940002,193.940002,2197800
31/03/2020,193.029999,194.199997,188.190002,189.550003,189.550003,2027200
1/04/2020,181.529999,187.279999,181.529999,183.5,183.5,1767800
2/04/2020,182,185.5,177.770004,185.490005,185.490005,2311300
3/04/2020,184.710007,184.770004,179.100006,181.25,181.25,2208300
6/04/2020,188.220001,195.699997,185.75,194.949997,194.949997,2479100
7/04/2020,202.479996,203.440002,194.699997,194.919998,194.919998,2228500
8/04/2020,196.800003,200.5,194.330002,196.009995,196.009995,1243300
9/04/2020,199.639999,206,198.479996,203.509995,203.509995,1898300
13/04/2020,202.759995,203.440002,197.660004,199.270004,199.270004,1008500
14/04/2020,203.720001,206.770004,201.580002,205.179993,205.179993,1842400
15/04/2020,200.199997,208.5,199.600006,207.949997,207.949997,1888900
16/04/2020,210,214.429993,207.679993,209.190002,209.190002,2177300
17/04/2020,215.25,226.419998,213.520004,225.860001,225.860001,3555200
20/04/2020,222.789993,224.509995,216.789993,218.589996,218.589996,2086100
21/04/2020,215,216.550003,206.5,206.720001,206.720001,2145200
22/04/2020,210.910004,214.220001,210.009995,212.089996,212.089996,1350500
23/04/2020,212.389999,216.720001,210.419998,211.639999,211.639999,1102600
24/04/2020,213.759995,216.5,212.100006,214.550003,214.550003,1520800
27/04/2020,217.600006,227.869995,216.380005,226.889999,226.889999,2227100
28/04/2020,231.300003,231.949997,224.190002,224.470001,224.470001,1340000
29/04/2020,229.839996,237.490005,227.509995,232.429993,232.429993,1393300
30/04/2020,229.720001,231.550003,223.479996,223.479996,223.479996,1588500
1/05/2020,219.110001,220.460007,216.199997,218.690002,218.690002,1744600
4/05/2020,215.080002,218.839996,213.970001,218.690002,218.690002,1059700
5/05/2020,221.720001,222,216.179993,218.210007,218.210007,1298900
6/05/2020,218.990005,225,218.970001,223.179993,223.179993,1229600
7/05/2020,224.529999,228.589996,220.570007,225.990005,225.990005,1700200
8/05/2020,229,238.320007,228.5,237.990005,237.990005,2037700
11/05/2020,237.570007,246.839996,234.529999,245.619995,245.619995,1951000
12/05/2020,247.070007,248.75,242.339996,242.600006,242.600006,1924600
13/05/2020,242.25,243.100006,225.889999,229.389999,229.389999,2240100
14/05/2020,226.559998,237.740005,225.809998,237.570007,237.570007,1453700
15/05/2020,234.889999,247.539993,234.009995,247.089996,247.089996,1750800
18/05/2020,253.729996,259.609985,252.029999,255.649994,255.649994,2319100
19/05/2020,256.890015,257.380005,251.029999,251.410004,251.410004,1480500
20/05/2020,256.100006,259.600006,255.179993,258.380005,258.380005,1095900
21/05/2020,259.369995,268.269989,257.570007,267.529999,267.529999,1808400
22/05/2020,268.700012,277.019989,267.019989,276.730011,276.730011,2073900
26/05/2020,282.549988,284.920013,279.309998,281.410004,281.410004,2118500
27/05/2020,281.380005,282.899994,271.600006,281.5,281.5,2158700
28/05/2020,281.470001,291.309998,277.519989,284.420013,284.420013,2307900
29/05/2020,285.910004,301.48999,284.149994,300.100006,300.100006,4877300
1/06/2020,299.769989,310.220001,297.25,308.690002,308.690002,2390200
2/06/2020,305.51001,314.869995,302.01001,312.299988,312.299988,2872000
3/06/2020,313.059998,324.700012,312.5,323.73999,323.73999,2760300
4/06/2020,321.5,323.519989,313.5,317.420013,317.420013,2752000
5/06/2020,319.160004,323.799988,317,319.779999,319.779999,2385300
8/06/2020,322.059998,322.630005,312.730011,315.299988,315.299988,2588500
9/06/2020,313.200012,318.899994,307.799988,316.399994,316.399994,2375200
10/06/2020,318.600006,324.76001,316.540009,323.25,323.25,1746800
11/06/2020,314.369995,321.100006,306.630005,308.119995,308.119995,3659600
12/06/2020,302.839996,308.380005,289.549988,296.359985,296.359985,7626400
15/06/2020,289.170013,303.25,288.609985,303.049988,303.049988,2256900
16/06/2020,310.790009,312.799988,303.269989,310.609985,310.609985,2106000
17/06/2020,313,313.829987,302.570007,303.690002,303.690002,1717900
18/06/2020,303.98999,305.660004,299,302.980011,302.980011,1573700
19/06/2020,306.980011,307.01001,295.290009,297.380005,297.380005,2299800
22/06/2020,298.01001,306.570007,293.850006,304.690002,304.690002,1580300
23/06/2020,308.01001,310.209991,300.730011,301.160004,301.160004,1392100
24/06/2020,299.480011,303.149994,290.519989,295.220001,295.220001,1595000
25/06/2020,294.299988,295.26001,288.5,295.130005,295.130005,1268000
26/06/2020,293.799988,295.100006,288.109985,289.529999,289.529999,1700800
29/06/2020,290.109985,295.670013,284.290009,294.350006,294.350006,1860900
30/06/2020,305,318.320007,304.200012,312.01001,312.01001,5473600
1/07/2020,314.5,316.98999,306.359985,308.619995,308.619995,1767500
2/07/2020,312.149994,312.589996,302.5,304.769989,304.769989,1885100
6/07/2020,309,316.119995,308.600006,314.350006,314.350006,2557900
7/07/2020,313.119995,313.130005,306.309998,306.73999,306.73999,1337000
8/07/2020,310.880005,311.25,306.579987,309.880005,309.880005,1269300
9/07/2020,309.799988,319.109985,303.679993,315.079987,315.079987,3287300
10/07/2020,316.640015,317.970001,308.119995,314.390015,314.390015,1755600
13/07/2020,316.75,321.820007,304.540009,305.149994,305.149994,2212300
14/07/2020,303.529999,309.450012,295.01001,308.320007,308.320007,2051200
15/07/2020,308.589996,314,304.140015,312.51001,312.51001,1653600
16/07/2020,308.5,315.209991,306.779999,313.079987,313.079987,1185300
17/07/2020,315.019989,319.040009,310.859985,316.820007,316.820007,1674000
20/07/2020,319.140015,329.850006,317,326.839996,326.839996,1996500
21/07/2020,330.359985,330.899994,324.070007,325.390015,325.390015,1471600
22/07/2020,325.890015,329.480011,322.529999,326.720001,326.720001,901500
23/07/2020,327.160004,337.570007,316,320.01001,320.01001,2592500
24/07/2020,316.26001,325.709991,313.619995,321.5,321.5,1441900
27/07/2020,324.279999,333.179993,323.040009,331.549988,331.549988,2029300
28/07/2020,331.220001,333.880005,321.910004,322.640015,322.640015,1534100
29/07/2020,322.200012,329.5,321.5,325.73999,325.73999,1318800
30/07/2020,322.299988,325.380005,316.98999,323.660004,323.660004,1225400
31/07/2020,326.170013,326.279999,319.600006,325.589996,325.589996,1282500
3/08/2020,327.98999,331.170013,324.01001,328.589996,328.589996,1362500
4/08/2020,327.929993,330.390015,324.320007,328.209991,328.209991,1046700
5/08/2020,330.940002,343.589996,328.269989,340.420013,340.420013,2188800
6/08/2020,342.320007,343.089996,334.119995,339.179993,339.179993,1153200
7/08/2020,339.079987,343.73999,336.51001,342.119995,342.119995,1580200
10/08/2020,342.470001,347.350006,337.390015,344.320007,344.320007,1611900
11/08/2020,344.320007,344.779999,334.869995,335.369995,335.369995,1518800
12/08/2020,338,346.429993,337.790009,345.329987,345.329987,1294400
13/08/2020,349.98999,354.589996,346.269989,350.290009,350.290009,1439600
14/08/2020,350.149994,351.690002,345.029999,349.119995,349.119995,877300
17/08/2020,350.48999,355.820007,350,354.869995,354.869995,729600
18/08/2020,358.070007,360.769989,352.450012,358.779999,358.779999,1013000
19/08/2020,360.579987,364.890015,356.170013,360.839996,360.839996,920600
20/08/2020,358.179993,367.940002,356.299988,366.420013,366.420013,1078300
21/08/2020,367.450012,369.769989,364.549988,368.75,368.75,847400
24/08/2020,372.200012,377.839996,369.399994,376.309998,376.309998,1565400
25/08/2020,376.51001,380.589996,372.209991,378.5,378.5,1064100
26/08/2020,381.410004,383.200012,376.670013,381.5,381.5,1021800
27/08/2020,384,384.049988,373.890015,374.839996,374.839996,1693900
28/08/2020,377,380.920013,376.130005,377.480011,377.480011,1257100
31/08/2020,377.5,379.309998,372.5,375.670013,375.670013,1672000
1/09/2020,376.600006,391.380005,373.559998,391.160004,391.160004,1364400
2/09/2020,398.109985,399.899994,387.079987,398.290009,398.290009,1631300
3/09/2020,393.390015,396.829987,376.369995,377.869995,377.869995,2412900
4/09/2020,372.390015,376.399994,345.970001,361.410004,361.410004,3111700
8/09/2020,351.01001,365,348.5,349.799988,349.799988,3512500
9/09/2020,334.829987,334.920013,315.25,323.929993,323.929993,8543100
10/09/2020,326.899994,336.279999,317.670013,320,320,3416600
11/09/2020,323,323,308.630005,313.390015,313.390015,3090400
14/09/2020,315.98999,317.75,311.130005,313.820007,313.820007,1775600
15/09/2020,318.329987,319,312.679993,315.48999,315.48999,1836700
16/09/2020,316.320007,317.429993,309.579987,309.98999,309.98999,1689900
17/09/2020,304.149994,308.839996,301.549988,303.109985,303.109985,2258100
18/09/2020,304.730011,304.799988,290.570007,294.76001,294.76001,3042800
21/09/2020,289.649994,295.679993,287.209991,295.559998,295.559998,2257300
22/09/2020,297.619995,314.149994,296.769989,313.600006,313.600006,4030400
23/09/2020,325.339996,331.850006,313.790009,316.769989,316.769989,4646000
24/09/2020,312.890015,320.920013,303.209991,315.579987,315.579987,2451300
25/09/2020,315.609985,316.5,308.589996,315.350006,315.350006,1788000
28/09/2020,317.880005,319.290009,310.600006,318.730011,318.730011,1448500
29/09/2020,318.73999,325.23999,315.970001,323.670013,323.670013,1342200
30/09/2020,328.799988,334.339996,326.809998,329.369995,329.369995,2001100
1/10/2020,334.01001,343.269989,332.619995,341.049988,341.049988,1715900
2/10/2020,333,339.26001,327.730011,332.670013,332.670013,1848400
5/10/2020,334,337.970001,327.029999,337.869995,337.869995,1397600
6/10/2020,335.660004,339.48999,327.390015,329.290009,329.290009,1575500
7/10/2020,333.380005,339.200012,333.100006,338.910004,338.910004,1225800
8/10/2020,343.899994,343.940002,337.170013,337.940002,337.940002,1077500
9/10/2020,340.809998,349.350006,338.399994,346.459991,346.459991,1726000
12/10/2020,351.200012,351.549988,342.829987,348,348,1236500
13/10/2020,350,359.23999,348.200012,356.290009,356.290009,1402000
14/10/2020,358.890015,358.890015,346.309998,352.070007,352.070007,1127800
15/10/2020,345.119995,354.730011,345,353.609985,353.609985,761800
