Date,Close
1-Oct-12,"$12,370.19"
2-Oct-12,"$12,391.23"
3-Oct-12,"$12,359.47"
4-Oct-12,"$12,447.68"
5-Oct-12,"$12,418.99"
9-Oct-12,"$12,273.57"
10-Oct-12,"$12,212.42"
11-Oct-12,"$12,233.95"
12-Oct-12,"$12,202.04"
15-Oct-12,"$12,229.96"
16-Oct-12,"$12,407.70"
17-Oct-12,"$12,461.25"
18-Oct-12,"$12,466.12"
19-Oct-12,"$12,415.98"
22-Oct-12,"$12,403.54"
23-Oct-12,"$12,225.84"
24-Oct-12,"$12,195.02"
25-Oct-12,"$12,300.23"
26-Oct-12,"$12,300.30"
29-Oct-12,"$12,312.75"
30-Oct-12,"$12,377.05"
31-Oct-12,"$12,422.91"
1-Nov-12,"$12,499.76"
2-Nov-12,"$12,380.41"
5-Nov-12,"$12,352.78"
6-Nov-12,"$12,361.20"
7-Nov-12,"$12,230.59"
8-Nov-12,"$12,191.05"
9-Nov-12,"$12,196.80"
12-Nov-12,"$12,191.46"
13-Nov-12,"$12,134.66"
14-Nov-12,"$11,929.79"
15-Nov-12,"$11,811.38"
16-Nov-12,"$11,877.72"
19-Nov-12,"$12,040.40"
20-Nov-12,"$12,046.28"
21-Nov-12,"$12,100.06"
22-Nov-12,"$12,153.10"
23-Nov-12,"$12,213.24"
26-Nov-12,"$12,185.05"
27-Nov-12,"$12,111.63"
28-Nov-12,"$12,140.33"
29-Nov-12,"$12,202.85"
30-Nov-12,"$12,239.36"
3-Dec-12,"$12,169.74"
4-Dec-12,"$12,137.18"
5-Dec-12,"$12,157.29"
6-Dec-12,"$12,151.13"
7-Dec-12,"$12,159.59"
10-Dec-12,"$12,230.47"
11-Dec-12,"$12,282.36"
12-Dec-12,"$12,353.09"
13-Dec-12,"$12,289.17"
14-Dec-12,"$12,296.72"
17-Dec-12,"$12,281.35"
18-Dec-12,"$12,334.34"
19-Dec-12,"$12,403.63"
20-Dec-12,"$12,388.71"
21-Dec-12,"$12,385.70"
24-Dec-12,"$12,370.80"
27-Dec-12,"$12,373.77"
28-Dec-12,"$12,316.12"
31-Dec-12,"$12,433.53"
2-Jan-13,"$12,540.77"
3-Jan-13,"$12,470.44"
4-Jan-13,"$12,540.81"
7-Jan-13,"$12,499.55"
8-Jan-13,"$12,504.81"
9-Jan-13,"$12,522.24"
10-Jan-13,"$12,599.74"
11-Jan-13,"$12,602.18"
14-Jan-13,"$12,603.09"
15-Jan-13,"$12,641.97"
16-Jan-13,"$12,608.82"
17-Jan-13,"$12,674.73"
18-Jan-13,"$12,725.69"
21-Jan-13,"$12,794.25"
22-Jan-13,"$12,824.63"
23-Jan-13,"$12,794.05"
24-Jan-13,"$12,823.62"
25-Jan-13,"$12,816.63"
28-Jan-13,"$12,815.91"
29-Jan-13,"$12,830.56"
30-Jan-13,"$12,794.44"
31-Jan-13,"$12,685.24"
1-Feb-13,"$12,768.83"
4-Feb-13,"$12,717.62"
5-Feb-13,"$12,745.65"
6-Feb-13,"$12,761.59"
7-Feb-13,"$12,755.92"
8-Feb-13,"$12,801.23"
11-Feb-13,"$12,748.15"
12-Feb-13,"$12,789.02"
13-Feb-13,"$12,775.28"
14-Feb-13,"$12,721.79"
15-Feb-13,"$12,686.63"
19-Feb-13,"$12,810.21"
20-Feb-13,"$12,714.05"
21-Feb-13,"$12,639.97"
22-Feb-13,"$12,701.63"
25-Feb-13,"$12,650.87"
26-Feb-13,"$12,660.44"
27-Feb-13,"$12,732.39"
28-Feb-13,"$12,821.83"
1-Mar-13,"$12,773.12"
4-Mar-13,"$12,707.41"
5-Mar-13,"$12,736.04"
6-Mar-13,"$12,831.96"
7-Mar-13,"$12,826.52"
8-Mar-13,"$12,835.61"
11-Mar-13,"$12,858.49"
12-Mar-13,"$12,878.58"
13-Mar-13,"$12,744.11"
14-Mar-13,"$12,799.91"
15-Mar-13,"$12,830.03"
18-Mar-13,"$12,781.76"
19-Mar-13,"$12,773.87"
20-Mar-13,"$12,826.55"
21-Mar-13,"$12,747.87"
22-Mar-13,"$12,757.35"
25-Mar-13,"$12,680.71"
26-Mar-13,"$12,706.38"
27-Mar-13,"$12,699.65"
28-Mar-13,"$12,749.90"
1-Apr-13,"$12,695.14"
2-Apr-13,"$12,682.10"
3-Apr-13,"$12,422.12"
4-Apr-13,"$12,363.05"
5-Apr-13,"$12,331.85"
8-Apr-13,"$12,344.56"
9-Apr-13,"$12,484.05"
10-Apr-13,"$12,534.91"
11-Apr-13,"$12,481.37"
12-Apr-13,"$12,337.59"
15-Apr-13,"$12,004.88"
16-Apr-13,"$12,119.92"
17-Apr-13,"$11,947.29"
18-Apr-13,"$11,996.34"
19-Apr-13,"$12,065.55"
22-Apr-13,"$12,090.68"
23-Apr-13,"$12,090.94"
24-Apr-13,"$12,270.43"
25-Apr-13,"$12,329.51"
26-Apr-13,"$12,220.20"
29-Apr-13,"$12,312.67"
30-Apr-13,"$12,456.50"
1-May-13,"$12,321.29"
2-May-13,"$12,379.64"
3-May-13,"$12,438.03"
6-May-13,"$12,453.92"
7-May-13,"$12,464.11"
8-May-13,"$12,585.05"
9-May-13,"$12,543.90"
10-May-13,"$12,589.09"
13-May-13,"$12,529.55"
14-May-13,"$12,577.05"
15-May-13,"$12,473.65"
16-May-13,"$12,507.60"
17-May-13,"$12,613.05"
21-May-13,"$12,742.43"
22-May-13,"$12,752.50"
23-May-13,"$12,658.09"
24-May-13,"$12,667.22"
27-May-13,"$12,696.37"
28-May-13,"$12,750.52"
29-May-13,"$12,732.61"
30-May-13,"$12,746.55"
31-May-13,"$12,650.42"
3-Jun-13,"$12,609.80"
4-Jun-13,"$12,593.97"
5-Jun-13,"$12,443.65"
6-Jun-13,"$12,409.33"
7-Jun-13,"$12,373.30"
10-Jun-13,"$12,382.67"
11-Jun-13,"$12,223.57"
12-Jun-13,"$12,109.89"
13-Jun-13,"$12,277.13"
14-Jun-13,"$12,187.36"
17-Jun-13,"$12,288.90"
18-Jun-13,"$12,367.46"
19-Jun-13,"$12,268.29"
20-Jun-13,"$11,968.57"
21-Jun-13,"$11,995.66"
24-Jun-13,"$11,836.86"
25-Jun-13,"$12,005.42"
26-Jun-13,"$11,951.90"
27-Jun-13,"$12,005.78"
28-Jun-13,"$12,129.11"
2-Jul-13,"$12,178.38"
3-Jul-13,"$12,145.68"
4-Jul-13,"$12,166.66"
5-Jul-13,"$12,134.91"
8-Jul-13,"$12,208.87"
9-Jul-13,"$12,297.09"
10-Jul-13,"$12,306.93"
11-Jul-13,"$12,493.26"
12-Jul-13,"$12,462.18"
15-Jul-13,"$12,528.35"
16-Jul-13,"$12,516.89"
17-Jul-13,"$12,568.77"
18-Jul-13,"$12,628.85"
19-Jul-13,"$12,685.13"
22-Jul-13,"$12,758.38"
23-Jul-13,"$12,745.38"
24-Jul-13,"$12,672.30"
25-Jul-13,"$12,669.14"
26-Jul-13,"$12,647.90"
29-Jul-13,"$12,669.04"
30-Jul-13,"$12,581.75"
31-Jul-13,"$12,486.64"
1-Aug-13,"$12,593.96"
2-Aug-13,"$12,603.25"
6-Aug-13,"$12,469.32"
7-Aug-13,"$12,412.73"
8-Aug-13,"$12,552.92"
9-Aug-13,"$12,542.13"
12-Aug-13,"$12,594.27"
13-Aug-13,"$12,642.19"
14-Aug-13,"$12,639.30"
15-Aug-13,"$12,704.52"
16-Aug-13,"$12,736.92"
19-Aug-13,"$12,588.02"
20-Aug-13,"$12,670.11"
21-Aug-13,"$12,573.08"
22-Aug-13,"$12,674.35"
23-Aug-13,"$12,762.30"
26-Aug-13,"$12,760.30"
27-Aug-13,"$12,591.21"
28-Aug-13,"$12,607.22"
29-Aug-13,"$12,704.73"
30-Aug-13,"$12,653.90"
3-Sep-13,"$12,740.50"
4-Sep-13,"$12,757.81"
5-Sep-13,"$12,845.06"
6-Sep-13,"$12,820.92"
9-Sep-13,"$12,854.64"
10-Sep-13,"$12,824.48"
11-Sep-13,"$12,825.42"
12-Sep-13,"$12,701.05"
13-Sep-13,"$12,723.40"
16-Sep-13,"$12,816.88"
17-Sep-13,"$12,834.11"
18-Sep-13,"$12,931.40"
19-Sep-13,"$12,926.78"
20-Sep-13,"$12,806.47"
23-Sep-13,"$12,811.18"
24-Sep-13,"$12,848.89"
25-Sep-13,"$12,836.71"
26-Sep-13,"$12,841.62"
27-Sep-13,"$12,844.08"
30-Sep-13,"$12,787.19"
1-Oct-13,"$12,847.44"
2-Oct-13,"$12,839.00"
3-Oct-13,"$12,735.12"
4-Oct-13,"$12,758.65"
7-Oct-13,"$12,788.25"
8-Oct-13,"$12,692.41"
9-Oct-13,"$12,730.33"
10-Oct-13,"$12,894.41"
11-Oct-13,"$12,892.11"
15-Oct-13,"$12,931.46"
16-Oct-13,"$12,957.21"
17-Oct-13,"$13,036.36"
18-Oct-13,"$13,136.09"
21-Oct-13,"$13,186.53"
22-Oct-13,"$13,248.06"
23-Oct-13,"$13,243.32"
24-Oct-13,"$13,324.75"
25-Oct-13,"$13,399.42"
28-Oct-13,"$13,371.84"
29-Oct-13,"$13,440.61"
30-Oct-13,"$13,455.33"
31-Oct-13,"$13,361.26"
1-Nov-13,"$13,337.46"
4-Nov-13,"$13,361.78"
5-Nov-13,"$13,361.71"
6-Nov-13,"$13,380.41"
7-Nov-13,"$13,294.20"
8-Nov-13,"$13,378.33"
11-Nov-13,"$13,358.39"
12-Nov-13,"$13,326.04"
13-Nov-13,"$13,370.66"
14-Nov-13,"$13,431.38"
15-Nov-13,"$13,482.57"
18-Nov-13,"$13,458.06"
19-Nov-13,"$13,442.77"
20-Nov-13,"$13,430.01"
21-Nov-13,"$13,475.33"
22-Nov-13,"$13,478.34"
25-Nov-13,"$13,472.22"
26-Nov-13,"$13,349.77"
27-Nov-13,"$13,362.06"
28-Nov-13,"$13,370.83"
29-Nov-13,"$13,395.40"
2-Dec-13,"$13,419.57"
3-Dec-13,"$13,319.87"
4-Dec-13,"$13,304.92"
5-Dec-13,"$13,200.40"
6-Dec-13,"$13,280.72"
9-Dec-13,"$13,312.78"
10-Dec-13,"$13,324.01"
11-Dec-13,"$13,133.42"
12-Dec-13,"$13,114.39"
13-Dec-13,"$13,125.70"
16-Dec-13,"$13,184.41"
17-Dec-13,"$13,180.16"
18-Dec-13,"$13,334.73"
19-Dec-13,"$13,392.20"
20-Dec-13,"$13,399.60"
23-Dec-13,"$13,447.70"
24-Dec-13,"$13,518.02"
27-Dec-13,"$13,587.98"
30-Dec-13,"$13,581.39"
31-Dec-13,"$13,621.55"
2-Jan-14,"$13,594.19"
3-Jan-14,"$13,548.86"
6-Jan-14,"$13,495.54"
7-Jan-14,"$13,596.93"
8-Jan-14,"$13,614.63"
9-Jan-14,"$13,629.41"
10-Jan-14,"$13,747.52"
13-Jan-14,"$13,681.48"
14-Jan-14,"$13,692.38"
15-Jan-14,"$13,772.58"
16-Jan-14,"$13,831.58"
17-Jan-14,"$13,888.21"
20-Jan-14,"$13,990.29"
21-Jan-14,"$13,951.77"
22-Jan-14,"$13,988.20"
23-Jan-14,"$13,932.97"
24-Jan-14,"$13,717.76"
27-Jan-14,"$13,582.29"
28-Jan-14,"$13,687.66"
29-Jan-14,"$13,643.22"
30-Jan-14,"$13,735.28"
31-Jan-14,"$13,694.94"
3-Feb-14,"$13,486.20"
4-Feb-14,"$13,504.48"
5-Feb-14,"$13,559.69"
6-Feb-14,"$13,713.40"
7-Feb-14,"$13,786.50"
10-Feb-14,"$13,794.18"
11-Feb-14,"$13,880.99"
12-Feb-14,"$13,900.49"
13-Feb-14,"$14,001.65"
14-Feb-14,"$14,054.76"
18-Feb-14,"$14,077.47"
19-Feb-14,"$14,119.73"
20-Feb-14,"$14,210.37"
21-Feb-14,"$14,205.72"
24-Feb-14,"$14,227.08"
25-Feb-14,"$14,188.98"
26-Feb-14,"$14,188.58"
27-Feb-14,"$14,214.74"
28-Feb-14,"$14,209.59"
3-Mar-14,"$14,212.74"
4-Mar-14,"$14,289.86"
5-Mar-14,"$14,304.17"
6-Mar-14,"$14,271.92"
7-Mar-14,"$14,299.08"
10-Mar-14,"$14,302.06"
11-Mar-14,"$14,267.23"
12-Mar-14,"$14,319.00"
13-Mar-14,"$14,245.14"
14-Mar-14,"$14,227.66"
17-Mar-14,"$14,231.89"
18-Mar-14,"$14,368.98"
19-Mar-14,"$14,334.04"
20-Mar-14,"$14,361.83"
21-Mar-14,"$14,335.76"
24-Mar-14,"$14,278.55"
25-Mar-14,"$14,299.49"
26-Mar-14,"$14,184.10"
27-Mar-14,"$14,178.84"
28-Mar-14,"$14,260.72"
31-Mar-14,"$14,335.31"
1-Apr-14,"$14,380.55"
2-Apr-14,"$14,459.11"
3-Apr-14,"$14,402.21"
4-Apr-14,"$14,393.10"
7-Apr-14,"$14,270.33"
8-Apr-14,"$14,372.45"
9-Apr-14,"$14,435.58"
10-Apr-14,"$14,308.00"
11-Apr-14,"$14,257.69"
14-Apr-14,"$14,284.43"
15-Apr-14,"$14,303.92"
16-Apr-14,"$14,446.52"
17-Apr-14,"$14,500.39"
21-Apr-14,"$14,493.68"
22-Apr-14,"$14,555.97"
23-Apr-14,"$14,533.39"
24-Apr-14,"$14,554.25"
25-Apr-14,"$14,533.57"
28-Apr-14,"$14,530.91"
29-Apr-14,"$14,583.11"
30-Apr-14,"$14,651.87"
1-May-14,"$14,664.07"
2-May-14,"$14,765.15"
5-May-14,"$14,697.03"
6-May-14,"$14,612.29"
7-May-14,"$14,656.40"
8-May-14,"$14,546.03"
9-May-14,"$14,534.06"
12-May-14,"$14,654.94"
13-May-14,"$14,679.81"
14-May-14,"$14,673.73"
15-May-14,"$14,588.89"
16-May-14,"$14,514.74"
20-May-14,"$14,525.19"
21-May-14,"$14,649.86"
22-May-14,"$14,702.29"
23-May-14,"$14,708.10"
26-May-14,"$14,715.69"
27-May-14,"$14,658.02"
28-May-14,"$14,610.96"
29-May-14,"$14,588.95"
30-May-14,"$14,604.16"
2-Jun-14,"$14,680.76"
3-Jun-14,"$14,734.69"
4-Jun-14,"$14,796.79"
5-Jun-14,"$14,800.18"
6-Jun-14,"$14,838.90"
9-Jun-14,"$14,871.21"
10-Jun-14,"$14,904.38"
11-Jun-14,"$14,892.13"
12-Jun-14,"$14,909.63"
13-Jun-14,"$15,001.61"
16-Jun-14,"$15,040.43"
17-Jun-14,"$15,055.89"
18-Jun-14,"$15,109.25"
19-Jun-14,"$15,112.22"
20-Jun-14,"$15,108.97"
23-Jun-14,"$15,105.63"
24-Jun-14,"$14,962.37"
25-Jun-14,"$14,974.65"
26-Jun-14,"$15,030.74"
27-Jun-14,"$15,094.25"
30-Jun-14,"$15,146.01"
2-Jul-14,"$15,209.79"
3-Jul-14,"$15,207.11"
4-Jul-14,"$15,214.96"
7-Jul-14,"$15,172.93"
8-Jul-14,"$15,137.18"
9-Jul-14,"$15,215.19"
10-Jul-14,"$15,114.48"
11-Jul-14,"$15,125.50"
14-Jul-14,"$15,171.23"
15-Jul-14,"$15,081.32"
16-Jul-14,"$15,226.34"
17-Jul-14,"$15,204.48"
18-Jul-14,"$15,266.57"
21-Jul-14,"$15,249.99"
22-Jul-14,"$15,315.13"
23-Jul-14,"$15,394.38"
24-Jul-14,"$15,394.45"
25-Jul-14,"$15,455.04"
28-Jul-14,"$15,445.22"
29-Jul-14,"$15,446.55"
30-Jul-14,"$15,524.82"
31-Jul-14,"$15,330.74"
1-Aug-14,"$15,215.26"
5-Aug-14,"$15,187.71"
6-Aug-14,"$15,202.09"
7-Aug-14,"$15,118.43"
8-Aug-14,"$15,196.31"
11-Aug-14,"$15,261.64"
12-Aug-14,"$15,274.23"
13-Aug-14,"$15,262.73"
14-Aug-14,"$15,291.18"
15-Aug-14,"$15,304.24"
18-Aug-14,"$15,338.47"
19-Aug-14,"$15,477.17"
20-Aug-14,"$15,561.95"
21-Aug-14,"$15,556.09"
22-Aug-14,"$15,535.55"
25-Aug-14,"$15,598.74"
26-Aug-14,"$15,619.21"
27-Aug-14,"$15,602.65"
28-Aug-14,"$15,558.17"
29-Aug-14,"$15,625.73"
2-Sep-14,"$15,619.08"
3-Sep-14,"$15,657.63"
4-Sep-14,"$15,576.79"
5-Sep-14,"$15,569.92"
8-Sep-14,"$15,509.39"
9-Sep-14,"$15,536.81"
10-Sep-14,"$15,471.89"
11-Sep-14,"$15,534.32"
12-Sep-14,"$15,531.58"
15-Sep-14,"$15,482.56"
16-Sep-14,"$15,510.54"
17-Sep-14,"$15,458.88"
18-Sep-14,"$15,465.54"
19-Sep-14,"$15,265.35"
22-Sep-14,"$15,129.00"
23-Sep-14,"$15,125.67"
24-Sep-14,"$15,120.54"
25-Sep-14,"$14,893.57"
26-Sep-14,"$15,026.77"
29-Sep-14,"$14,976.92"
30-Sep-14,"$14,960.51"
1-Oct-14,"$14,805.44"
2-Oct-14,"$14,760.64"
3-Oct-14,"$14,789.78"
6-Oct-14,"$14,743.12"
7-Oct-14,"$14,576.45"
8-Oct-14,"$14,666.47"
9-Oct-14,"$14,460.60"
10-Oct-14,"$14,227.36"
14-Oct-14,"$14,036.68"
15-Oct-14,"$13,869.88"
16-Oct-14,"$14,052.97"
17-Oct-14,"$14,227.68"
20-Oct-14,"$14,337.77"
21-Oct-14,"$14,547.71"
22-Oct-14,"$14,312.07"
23-Oct-14,"$14,486.83"
24-Oct-14,"$14,543.82"
27-Oct-14,"$14,469.00"
28-Oct-14,"$14,624.25"
29-Oct-14,"$14,527.57"
30-Oct-14,"$14,458.69"
31-Oct-14,"$14,613.32"
3-Nov-14,"$14,537.62"
4-Nov-14,"$14,390.43"
5-Nov-14,"$14,548.26"
6-Nov-14,"$14,563.38"
7-Nov-14,"$14,690.83"
10-Nov-14,"$14,709.80"
11-Nov-14,"$14,760.27"
12-Nov-14,"$14,856.20"
13-Nov-14,"$14,778.77"
14-Nov-14,"$14,843.10"
17-Nov-14,"$14,882.50"
18-Nov-14,"$14,972.97"
19-Nov-14,"$14,980.15"
20-Nov-14,"$15,075.18"
21-Nov-14,"$15,111.13"
24-Nov-14,"$15,015.41"
25-Nov-14,"$15,073.65"
26-Nov-14,"$15,038.41"
27-Nov-14,"$14,922.44"
28-Nov-14,"$14,744.70"
1-Dec-14,"$14,625.32"
2-Dec-14,"$14,620.07"
3-Dec-14,"$14,754.06"
4-Dec-14,"$14,469.95"
5-Dec-14,"$14,473.70"
8-Dec-14,"$14,144.17"
9-Dec-14,"$14,195.73"
10-Dec-14,"$13,852.95"
11-Dec-14,"$13,905.12"
12-Dec-14,"$13,731.05"
15-Dec-14,"$13,705.14"
16-Dec-14,"$13,861.52"
17-Dec-14,"$14,213.88"
18-Dec-14,"$14,346.75"
19-Dec-14,"$14,468.26"
22-Dec-14,"$14,432.38"
23-Dec-14,"$14,594.03"
24-Dec-14,"$14,609.25"
29-Dec-14,"$14,663.92"
30-Dec-14,"$14,640.04"
31-Dec-14,"$14,632.44"
2-Jan-15,"$14,753.65"
5-Jan-15,"$14,392.70"
6-Jan-15,"$14,246.77"
7-Jan-15,"$14,285.00"
8-Jan-15,"$14,457.72"
9-Jan-15,"$14,384.92"
12-Jan-15,"$14,265.01"
13-Jan-15,"$14,187.16"
14-Jan-15,"$14,084.43"
15-Jan-15,"$14,041.82"
16-Jan-15,"$14,309.41"
19-Jan-15,"$14,312.50"
20-Jan-15,"$14,308.44"
21-Jan-15,"$14,560.42"
22-Jan-15,"$14,763.98"
23-Jan-15,"$14,779.35"
26-Jan-15,"$14,797.83"
27-Jan-15,"$14,833.88"
28-Jan-15,"$14,602.88"
29-Jan-15,"$14,637.28"
30-Jan-15,"$14,673.48"
2-Feb-15,"$14,900.47"
3-Feb-15,"$15,062.88"
4-Feb-15,"$14,995.65"
5-Feb-15,"$15,124.92"
6-Feb-15,"$15,083.92"
9-Feb-15,"$15,100.70"
10-Feb-15,"$15,112.52"
11-Feb-15,"$15,151.50"
12-Feb-15,"$15,228.52"
13-Feb-15,"$15,264.81"
17-Feb-15,"$15,284.61"
18-Feb-15,"$15,212.75"
19-Feb-15,"$15,180.33"
20-Feb-15,"$15,172.24"
23-Feb-15,"$15,200.26"
24-Feb-15,"$15,164.97"
25-Feb-15,"$15,228.57"
26-Feb-15,"$15,241.16"
27-Feb-15,"$15,234.34"
2-Mar-15,"$15,264.05"
3-Mar-15,"$15,133.85"
4-Mar-15,"$15,082.84"
5-Mar-15,"$15,103.11"
6-Mar-15,"$14,952.50"
9-Mar-15,"$14,854.49"
10-Mar-15,"$14,641.76"
11-Mar-15,"$14,739.20"
12-Mar-15,"$14,770.72"
13-Mar-15,"$14,731.50"
16-Mar-15,"$14,862.76"
17-Mar-15,"$14,898.53"
18-Mar-15,"$14,962.24"
19-Mar-15,"$14,873.93"
20-Mar-15,"$14,942.41"
23-Mar-15,"$14,957.21"
24-Mar-15,"$15,081.26"
25-Mar-15,"$14,929.37"
26-Mar-15,"$14,869.80"
27-Mar-15,"$14,812.42"
30-Mar-15,"$14,908.39"
31-Mar-15,"$14,902.44"
1-Apr-15,"$14,942.55"
2-Apr-15,"$15,026.62"
6-Apr-15,"$15,100.65"
7-Apr-15,"$15,188.84"
8-Apr-15,"$15,213.60"
9-Apr-15,"$15,326.31"
10-Apr-15,"$15,388.43"
13-Apr-15,"$15,383.59"
14-Apr-15,"$15,389.28"
15-Apr-15,"$15,450.87"
16-Apr-15,"$15,386.77"
17-Apr-15,"$15,360.55"
20-Apr-15,"$15,412.60"
21-Apr-15,"$15,346.44"
22-Apr-15,"$15,304.77"
23-Apr-15,"$15,392.35"
24-Apr-15,"$15,408.33"
27-Apr-15,"$15,344.08"
28-Apr-15,"$15,346.07"
29-Apr-15,"$15,347.34"
30-Apr-15,"$15,224.52"
1-May-15,"$15,339.77"
4-May-15,"$15,367.47"
5-May-15,"$15,173.94"
6-May-15,"$15,023.89"
7-May-15,"$15,088.82"
8-May-15,"$15,170.02"
11-May-15,"$15,152.64"
12-May-15,"$15,043.15"
13-May-15,"$14,980.72"
14-May-15,"$15,028.12"
15-May-15,"$15,108.12"
19-May-15,"$15,121.02"
20-May-15,"$15,072.83"
21-May-15,"$15,203.61"
22-May-15,"$15,200.76"
25-May-15,"$15,187.40"
26-May-15,"$15,050.81"
27-May-15,"$15,110.47"
28-May-15,"$15,107.00"
29-May-15,"$15,014.09"
1-Jun-15,"$15,074.13"
2-Jun-15,"$15,104.74"
3-Jun-15,"$15,154.68"
4-Jun-15,"$15,019.39"
5-Jun-15,"$14,957.16"
8-Jun-15,"$14,743.33"
9-Jun-15,"$14,817.71"
10-Jun-15,"$14,889.04"
11-Jun-15,"$14,830.88"
12-Jun-15,"$14,741.15"
15-Jun-15,"$14,756.05"
16-Jun-15,"$14,753.05"
17-Jun-15,"$14,732.98"
18-Jun-15,"$14,770.64"
19-Jun-15,"$14,653.12"
22-Jun-15,"$14,790.48"
23-Jun-15,"$14,904.91"
24-Jun-15,"$14,947.51"
25-Jun-15,"$14,897.50"
26-Jun-15,"$14,808.09"
29-Jun-15,"$14,490.15"
30-Jun-15,"$14,553.33"
2-Jul-15,"$14,637.99"
3-Jul-15,"$14,682.39"
6-Jul-15,"$14,593.57"
7-Jul-15,"$14,624.50"
8-Jul-15,"$14,412.07"
9-Jul-15,"$14,278.49"
10-Jul-15,"$14,411.07"
13-Jul-15,"$14,533.22"
14-Jul-15,"$14,599.40"
15-Jul-15,"$14,662.28"
16-Jul-15,"$14,731.08"
17-Jul-15,"$14,642.84"
20-Jul-15,"$14,425.55"
21-Jul-15,"$14,376.24"
22-Jul-15,"$14,307.12"
23-Jul-15,"$14,265.37"
24-Jul-15,"$14,186.24"
27-Jul-15,"$14,001.37"
28-Jul-15,"$14,077.36"
29-Jul-15,"$14,301.80"
30-Jul-15,"$14,382.78"
31-Jul-15,"$14,468.44"
4-Aug-15,"$14,491.05"
5-Aug-15,"$14,502.99"
6-Aug-15,"$14,405.91"
7-Aug-15,"$14,302.70"
10-Aug-15,"$14,466.39"
11-Aug-15,"$14,414.67"
12-Aug-15,"$14,339.53"
13-Aug-15,"$14,238.40"
14-Aug-15,"$14,277.88"
17-Aug-15,"$14,251.53"
18-Aug-15,"$14,193.87"
19-Aug-15,"$14,036.63"
20-Aug-15,"$13,737.00"
21-Aug-15,"$13,473.67"
24-Aug-15,"$13,052.74"
25-Aug-15,"$13,150.93"
26-Aug-15,"$13,381.59"
27-Aug-15,"$13,766.67"
28-Aug-15,"$13,865.07"
31-Aug-15,"$13,859.12"
1-Sep-15,"$13,481.90"
2-Sep-15,"$13,545.25"
3-Sep-15,"$13,596.41"
4-Sep-15,"$13,478.31"
8-Sep-15,"$13,630.67"
9-Sep-15,"$13,531.85"
10-Sep-15,"$13,569.89"
11-Sep-15,"$13,461.47"
14-Sep-15,"$13,353.34"
15-Sep-15,"$13,462.71"
16-Sep-15,"$13,763.78"
17-Sep-15,"$13,787.16"
18-Sep-15,"$13,646.90"
21-Sep-15,"$13,779.44"
22-Sep-15,"$13,491.09"
23-Sep-15,"$13,383.69"
24-Sep-15,"$13,338.67"
25-Sep-15,"$13,378.57"
28-Sep-15,"$13,004.58"
29-Sep-15,"$13,036.96"
30-Sep-15,"$13,306.96"
1-Oct-15,"$13,241.89"
2-Oct-15,"$13,339.74"
5-Oct-15,"$13,552.20"
6-Oct-15,"$13,647.26"
7-Oct-15,"$13,868.35"
8-Oct-15,"$13,978.66"
9-Oct-15,"$13,964.36"
13-Oct-15,"$13,844.73"
14-Oct-15,"$13,875.33"
15-Oct-15,"$13,828.97"
16-Oct-15,"$13,838.10"
19-Oct-15,"$13,758.38"
20-Oct-15,"$13,841.92"
21-Oct-15,"$13,704.19"
22-Oct-15,"$13,878.11"
23-Oct-15,"$13,953.66"
26-Oct-15,"$13,790.90"
27-Oct-15,"$13,699.60"
28-Oct-15,"$13,863.16"
29-Oct-15,"$13,791.88"
30-Oct-15,"$13,529.17"
2-Nov-15,"$13,623.01"
3-Nov-15,"$13,710.31"
4-Nov-15,"$13,661.82"
5-Nov-15,"$13,558.78"
6-Nov-15,"$13,553.30"
9-Nov-15,"$13,482.62"
10-Nov-15,"$13,411.63"
11-Nov-15,"$13,341.93"
12-Nov-15,"$13,127.18"
13-Nov-15,"$13,075.42"
16-Nov-15,"$13,317.52"
17-Nov-15,"$13,280.39"
18-Nov-15,"$13,399.97"
19-Nov-15,"$13,473.83"
20-Nov-15,"$13,433.49"
23-Nov-15,"$13,382.38"
24-Nov-15,"$13,407.83"
25-Nov-15,"$13,403.42"
26-Nov-15,"$13,425.19"
27-Nov-15,"$13,368.24"
30-Nov-15,"$13,469.83"
1-Dec-15,"$13,636.06"
2-Dec-15,"$13,463.82"
3-Dec-15,"$13,324.67"
4-Dec-15,"$13,358.77"
7-Dec-15,"$13,042.83"
8-Dec-15,"$12,922.47"
9-Dec-15,"$12,937.59"
10-Dec-15,"$13,016.59"
11-Dec-15,"$12,789.95"
14-Dec-15,"$12,695.49"
15-Dec-15,"$12,919.57"
16-Dec-15,"$13,166.08"
17-Dec-15,"$13,009.93"
18-Dec-15,"$13,024.30"
21-Dec-15,"$13,034.38"
22-Dec-15,"$13,082.86"
23-Dec-15,"$13,284.91"
24-Dec-15,"$13,309.80"
29-Dec-15,"$13,245.75"
30-Dec-15,"$13,142.29"
31-Dec-15,"$13,009.95"
4-Jan-16,"$12,927.15"
5-Jan-16,"$12,920.14"
6-Jan-16,"$12,726.80"
7-Jan-16,"$12,448.21"
8-Jan-16,"$12,445.45"
11-Jan-16,"$12,319.25"
12-Jan-16,"$12,373.90"
13-Jan-16,"$12,170.41"
14-Jan-16,"$12,336.03"
15-Jan-16,"$12,073.46"
18-Jan-16,"$11,942.17"
19-Jan-16,"$12,002.24"
20-Jan-16,"$11,843.11"
21-Jan-16,"$12,035.86"
22-Jan-16,"$12,389.58"
25-Jan-16,"$12,143.16"
26-Jan-16,"$12,331.32"
27-Jan-16,"$12,377.77"
28-Jan-16,"$12,591.93"
29-Jan-16,"$12,822.13"
1-Feb-16,"$12,674.37"
2-Feb-16,"$12,442.26"
3-Feb-16,"$12,593.02"
4-Feb-16,"$12,774.50"
5-Feb-16,"$12,763.99"
8-Feb-16,"$12,535.40"
9-Feb-16,"$12,282.65"
10-Feb-16,"$12,185.72"
11-Feb-16,"$12,087.37"
12-Feb-16,"$12,381.24"
16-Feb-16,"$12,554.98"
17-Feb-16,"$12,867.16"
18-Feb-16,"$12,931.36"
19-Feb-16,"$12,813.40"
22-Feb-16,"$12,845.63"
23-Feb-16,"$12,763.44"
24-Feb-16,"$12,740.27"
25-Feb-16,"$12,753.60"
26-Feb-16,"$12,797.79"
29-Feb-16,"$12,860.35"
1-Mar-16,"$12,982.10"
2-Mar-16,"$13,017.93"
3-Mar-16,"$13,123.65"
4-Mar-16,"$13,212.50"
7-Mar-16,"$13,383.60"
8-Mar-16,"$13,311.05"
9-Mar-16,"$13,392.90"
10-Mar-16,"$13,379.14"
11-Mar-16,"$13,522.00"
14-Mar-16,"$13,477.54"
15-Mar-16,"$13,400.31"
16-Mar-16,"$13,478.13"
17-Mar-16,"$13,621.30"
18-Mar-16,"$13,497.07"
21-Mar-16,"$13,561.09"
22-Mar-16,"$13,493.49"
23-Mar-16,"$13,379.48"
24-Mar-16,"$13,358.11"
28-Mar-16,"$13,390.19"
29-Mar-16,"$13,426.23"
30-Mar-16,"$13,503.98"
31-Mar-16,"$13,494.36"
1-Apr-16,"$13,440.44"
4-Apr-16,"$13,336.15"
5-Apr-16,"$13,304.66"
6-Apr-16,"$13,347.46"
7-Apr-16,"$13,266.44"
8-Apr-16,"$13,396.73"
11-Apr-16,"$13,422.76"
12-Apr-16,"$13,581.42"
13-Apr-16,"$13,671.35"
14-Apr-16,"$13,668.29"
15-Apr-16,"$13,637.20"
18-Apr-16,"$13,719.82"
19-Apr-16,"$13,867.28"
20-Apr-16,"$13,911.29"
21-Apr-16,"$13,881.20"
22-Apr-16,"$13,874.00"
25-Apr-16,"$13,795.99"
26-Apr-16,"$13,809.44"
27-Apr-16,"$13,887.66"
28-Apr-16,"$13,886.43"
29-Apr-16,"$13,951.45"
2-May-16,"$13,865.63"
3-May-16,"$13,707.68"
4-May-16,"$13,632.00"
5-May-16,"$13,632.01"
6-May-16,"$13,701.47"
9-May-16,"$13,563.84"
10-May-16,"$13,775.19"
11-May-16,"$13,788.21"
12-May-16,"$13,787.80"
13-May-16,"$13,748.58"
16-May-16,"$13,893.49"
17-May-16,"$13,917.10"
18-May-16,"$13,826.01"
19-May-16,"$13,817.32"
20-May-16,"$13,919.58"
24-May-16,"$13,952.85"
25-May-16,"$14,053.74"
26-May-16,"$14,049.20"
27-May-16,"$14,105.23"
30-May-16,"$14,086.67"
31-May-16,"$14,065.78"
1-Jun-16,"$14,063.54"
2-Jun-16,"$14,136.99"
3-Jun-16,"$14,226.78"
6-Jun-16,"$14,276.16"
7-Jun-16,"$14,365.61"
8-Jun-16,"$14,313.10"
9-Jun-16,"$14,240.02"
10-Jun-16,"$14,037.54"
13-Jun-16,"$13,993.88"
14-Jun-16,"$13,884.23"
15-Jun-16,"$13,923.45"
16-Jun-16,"$13,882.41"
17-Jun-16,"$13,901.77"
20-Jun-16,"$14,015.14"
21-Jun-16,"$14,012.32"
22-Jun-16,"$14,003.81"
23-Jun-16,"$14,131.38"
24-Jun-16,"$13,891.88"
27-Jun-16,"$13,689.79"
28-Jun-16,"$13,842.69"
29-Jun-16,"$14,036.74"
30-Jun-16,"$14,064.54"
4-Jul-16,"$14,258.87"
5-Jul-16,"$14,219.57"
6-Jul-16,"$14,231.06"
7-Jul-16,"$14,134.46"
8-Jul-16,"$14,259.84"
11-Jul-16,"$14,361.88"
12-Jul-16,"$14,477.67"
13-Jul-16,"$14,493.80"
14-Jul-16,"$14,514.52"
15-Jul-16,"$14,482.42"
18-Jul-16,"$14,532.40"
19-Jul-16,"$14,524.61"
20-Jul-16,"$14,533.57"
21-Jul-16,"$14,565.83"
22-Jul-16,"$14,600.66"
25-Jul-16,"$14,498.10"
26-Jul-16,"$14,550.00"
27-Jul-16,"$14,546.54"
28-Jul-16,"$14,552.72"
29-Jul-16,"$14,582.74"
2-Aug-16,"$14,477.01"
3-Aug-16,"$14,512.05"
4-Aug-16,"$14,528.78"
5-Aug-16,"$14,648.77"
8-Aug-16,"$14,755.62"
9-Aug-16,"$14,801.23"
10-Aug-16,"$14,775.04"
11-Aug-16,"$14,796.06"
12-Aug-16,"$14,747.45"
15-Aug-16,"$14,777.02"
16-Aug-16,"$14,703.44"
17-Aug-16,"$14,697.60"
18-Aug-16,"$14,695.68"
19-Aug-16,"$14,687.46"
22-Aug-16,"$14,748.19"
23-Aug-16,"$14,764.77"
24-Aug-16,"$14,626.24"
25-Aug-16,"$14,630.72"
26-Aug-16,"$14,639.88"
29-Aug-16,"$14,681.97"
30-Aug-16,"$14,684.85"
31-Aug-16,"$14,597.95"
1-Sep-16,"$14,683.91"
2-Sep-16,"$14,795.70"
6-Sep-16,"$14,813.02"
7-Sep-16,"$14,796.75"
8-Sep-16,"$14,803.26"
9-Sep-16,"$14,540.00"
12-Sep-16,"$14,597.14"
13-Sep-16,"$14,349.10"
14-Sep-16,"$14,366.46"
15-Sep-16,"$14,503.67"
16-Sep-16,"$14,450.69"
19-Sep-16,"$14,496.23"
20-Sep-16,"$14,521.98"
21-Sep-16,"$14,710.82"
22-Sep-16,"$14,797.18"
23-Sep-16,"$14,697.93"
26-Sep-16,"$14,619.46"
27-Sep-16,"$14,558.04"
28-Sep-16,"$14,731.43"
29-Sep-16,"$14,754.55"
30-Sep-16,"$14,725.86"
3-Oct-16,"$14,689.04"
4-Oct-16,"$14,521.01"
5-Oct-16,"$14,610.58"
6-Oct-16,"$14,595.50"
7-Oct-16,"$14,566.26"
11-Oct-16,"$14,549.60"
12-Oct-16,"$14,618.97"
13-Oct-16,"$14,643.71"
14-Oct-16,"$14,584.99"
17-Oct-16,"$14,596.52"
18-Oct-16,"$14,752.25"
19-Oct-16,"$14,840.49"
20-Oct-16,"$14,847.92"
21-Oct-16,"$14,939.04"
24-Oct-16,"$14,923.01"
25-Oct-16,"$14,870.63"
26-Oct-16,"$14,807.56"
27-Oct-16,"$14,833.75"
28-Oct-16,"$14,785.29"
31-Oct-16,"$14,787.27"
1-Nov-16,"$14,778.32"
2-Nov-16,"$14,594.72"
3-Nov-16,"$14,583.42"
4-Nov-16,"$14,509.25"
7-Nov-16,"$14,652.45"
8-Nov-16,"$14,656.84"
9-Nov-16,"$14,759.91"
10-Nov-16,"$14,744.25"
11-Nov-16,"$14,555.41"
14-Nov-16,"$14,598.45"
15-Nov-16,"$14,756.10"
16-Nov-16,"$14,733.22"
17-Nov-16,"$14,826.09"
18-Nov-16,"$14,864.03"
21-Nov-16,"$15,039.87"
22-Nov-16,"$15,100.38"
23-Nov-16,"$15,080.91"
24-Nov-16,"$15,075.20"
25-Nov-16,"$15,075.44"
28-Nov-16,"$15,015.36"
29-Nov-16,"$14,999.81"
30-Nov-16,"$15,082.85"
1-Dec-16,"$15,027.53"
2-Dec-16,"$15,052.52"
5-Dec-16,"$15,095.17"
6-Dec-16,"$15,125.80"
7-Dec-16,"$15,237.75"
8-Dec-16,"$15,295.20"
9-Dec-16,"$15,312.20"
12-Dec-16,"$15,287.70"
13-Dec-16,"$15,385.27"
14-Dec-16,"$15,197.18"
15-Dec-16,"$15,218.31"
16-Dec-16,"$15,252.20"
19-Dec-16,"$15,269.85"
20-Dec-16,"$15,292.96"
21-Dec-16,"$15,305.89"
22-Dec-16,"$15,335.23"
23-Dec-16,"$15,328.15"
28-Dec-16,"$15,361.10"
29-Dec-16,"$15,422.12"
30-Dec-16,"$15,287.59"
3-Jan-17,"$15,403.03"
4-Jan-17,"$15,516.75"
5-Jan-17,"$15,586.58"
6-Jan-17,"$15,496.05"
9-Jan-17,"$15,388.95"
10-Jan-17,"$15,426.28"
11-Jan-17,"$15,491.54"
12-Jan-17,"$15,418.16"
13-Jan-17,"$15,497.28"
16-Jan-17,"$15,479.29"
17-Jan-17,"$15,441.36"
18-Jan-17,"$15,397.85"
19-Jan-17,"$15,409.81"
20-Jan-17,"$15,547.88"
23-Jan-17,"$15,480.13"
24-Jan-17,"$15,610.69"
25-Jan-17,"$15,643.84"
26-Jan-17,"$15,615.52"
27-Jan-17,"$15,575.81"
30-Jan-17,"$15,405.12"
31-Jan-17,"$15,385.96"
1-Feb-17,"$15,402.39"
2-Feb-17,"$15,399.11"
3-Feb-17,"$15,476.39"
6-Feb-17,"$15,456.94"
7-Feb-17,"$15,498.80"
8-Feb-17,"$15,554.04"
9-Feb-17,"$15,617.30"
10-Feb-17,"$15,729.12"
13-Feb-17,"$15,756.58"
14-Feb-17,"$15,786.03"
15-Feb-17,"$15,844.95"
16-Feb-17,"$15,864.17"
17-Feb-17,"$15,838.63"
21-Feb-17,"$15,922.37"
22-Feb-17,"$15,830.22"
23-Feb-17,"$15,781.20"
24-Feb-17,"$15,533.47"
27-Feb-17,"$15,463.51"
28-Feb-17,"$15,399.24"
1-Mar-17,"$15,599.68"
2-Mar-17,"$15,536.65"
3-Mar-17,"$15,608.50"
6-Mar-17,"$15,629.75"
7-Mar-17,"$15,608.78"
8-Mar-17,"$15,496.98"
9-Mar-17,"$15,496.84"
10-Mar-17,"$15,506.68"
13-Mar-17,"$15,544.82"
14-Mar-17,"$15,379.61"
15-Mar-17,"$15,520.91"
16-Mar-17,"$15,562.41"
17-Mar-17,"$15,490.49"
20-Mar-17,"$15,442.32"
21-Mar-17,"$15,313.13"
22-Mar-17,"$15,348.46"
23-Mar-17,"$15,433.61"
24-Mar-17,"$15,442.67"
27-Mar-17,"$15,506.22"
28-Mar-17,"$15,598.57"
29-Mar-17,"$15,657.63"
30-Mar-17,"$15,578.76"
31-Mar-17,"$15,547.75"
3-Apr-17,"$15,584.40"
4-Apr-17,"$15,669.07"
5-Apr-17,"$15,642.99"
6-Apr-17,"$15,697.18"
7-Apr-17,"$15,667.13"
10-Apr-17,"$15,730.79"
11-Apr-17,"$15,727.11"
12-Apr-17,"$15,648.40"
13-Apr-17,"$15,535.48"
17-Apr-17,"$15,684.89"
18-Apr-17,"$15,622.57"
19-Apr-17,"$15,552.88"
20-Apr-17,"$15,625.56"
21-Apr-17,"$15,614.48"
24-Apr-17,"$15,712.46"
25-Apr-17,"$15,745.19"
26-Apr-17,"$15,649.54"
27-Apr-17,"$15,506.47"
28-Apr-17,"$15,586.13"
1-May-17,"$15,575.63"
2-May-17,"$15,619.65"
3-May-17,"$15,543.14"
4-May-17,"$15,396.70"
5-May-17,"$15,582.04"
8-May-17,"$15,652.08"
9-May-17,"$15,569.20"
10-May-17,"$15,633.21"
11-May-17,"$15,550.55"
12-May-17,"$15,537.88"
15-May-17,"$15,629.47"
16-May-17,"$15,543.33"
17-May-17,"$15,273.68"
18-May-17,"$15,277.20"
19-May-17,"$15,458.46"
23-May-17,"$15,476.94"
24-May-17,"$15,419.49"
25-May-17,"$15,410.73"
26-May-17,"$15,416.93"
29-May-17,"$15,421.91"
30-May-17,"$15,372.35"
31-May-17,"$15,349.91"
1-Jun-17,"$15,469.91"
2-Jun-17,"$15,442.75"
5-Jun-17,"$15,409.78"
6-Jun-17,"$15,464.56"
7-Jun-17,"$15,372.14"
8-Jun-17,"$15,423.09"
9-Jun-17,"$15,473.21"
12-Jun-17,"$15,383.80"
13-Jun-17,"$15,379.75"
14-Jun-17,"$15,170.13"
15-Jun-17,"$15,160.42"
16-Jun-17,"$15,192.54"
19-Jun-17,"$15,266.04"
20-Jun-17,"$15,149.60"
21-Jun-17,"$15,148.53"
22-Jun-17,"$15,219.90"
23-Jun-17,"$15,319.56"
26-Jun-17,"$15,316.02"
27-Jun-17,"$15,281.22"
28-Jun-17,"$15,355.58"
29-Jun-17,"$15,213.42"
30-Jun-17,"$15,182.19"
4-Jul-17,"$15,130.61"
5-Jul-17,"$15,153.12"
6-Jul-17,"$15,078.00"
7-Jul-17,"$15,027.16"
10-Jul-17,"$15,105.28"
11-Jul-17,"$15,149.14"
12-Jul-17,"$15,143.99"
13-Jul-17,"$15,135.00"
14-Jul-17,"$15,174.81"
17-Jul-17,"$15,165.36"
18-Jul-17,"$15,149.57"
19-Jul-17,"$15,244.71"
20-Jul-17,"$15,264.64"
21-Jul-17,"$15,183.13"
24-Jul-17,"$15,128.69"
25-Jul-17,"$15,202.37"
26-Jul-17,"$15,171.39"
27-Jul-17,"$15,191.36"
28-Jul-17,"$15,128.65"
31-Jul-17,"$15,143.87"
1-Aug-17,"$15,202.10"
2-Aug-17,"$15,265.63"
3-Aug-17,"$15,191.96"
4-Aug-17,"$15,257.97"
8-Aug-17,"$15,256.35"
9-Aug-17,"$15,217.33"
10-Aug-17,"$15,074.25"
11-Aug-17,"$15,033.38"
14-Aug-17,"$15,119.91"
15-Aug-17,"$15,097.84"
16-Aug-17,"$15,082.21"
17-Aug-17,"$15,033.64"
18-Aug-17,"$14,952.33"
21-Aug-17,"$14,951.88"
22-Aug-17,"$14,984.96"
23-Aug-17,"$15,063.16"
24-Aug-17,"$15,076.16"
25-Aug-17,"$15,055.99"
28-Aug-17,"$15,052.03"
29-Aug-17,"$15,082.70"
30-Aug-17,"$15,133.13"
31-Aug-17,"$15,211.87"
1-Sep-17,"$15,191.60"
5-Sep-17,"$15,090.15"
6-Sep-17,"$15,059.83"
7-Sep-17,"$15,024.53"
8-Sep-17,"$14,985.32"
11-Sep-17,"$15,040.30"
12-Sep-17,"$15,143.41"
13-Sep-17,"$15,126.81"
14-Sep-17,"$15,172.72"
15-Sep-17,"$15,173.03"
18-Sep-17,"$15,236.67"
19-Sep-17,"$15,292.97"
20-Sep-17,"$15,389.60"
21-Sep-17,"$15,454.92"
22-Sep-17,"$15,454.23"
25-Sep-17,"$15,516.23"
26-Sep-17,"$15,474.12"
27-Sep-17,"$15,609.66"
28-Sep-17,"$15,618.25"
29-Sep-17,"$15,634.94"
2-Oct-17,"$15,705.00"
3-Oct-17,"$15,728.51"
4-Oct-17,"$15,721.00"
5-Oct-17,"$15,776.30"
6-Oct-17,"$15,728.32"
10-Oct-17,"$15,770.36"
11-Oct-17,"$15,800.40"
12-Oct-17,"$15,742.20"
13-Oct-17,"$15,807.17"
16-Oct-17,"$15,802.70"
17-Oct-17,"$15,816.90"
18-Oct-17,"$15,782.16"
19-Oct-17,"$15,818.00"
20-Oct-17,"$15,857.22"
23-Oct-17,"$15,855.76"
24-Oct-17,"$15,905.14"
25-Oct-17,"$15,854.77"
26-Oct-17,"$15,891.63"
27-Oct-17,"$15,953.51"
30-Oct-17,"$16,002.78"
31-Oct-17,"$16,025.59"
1-Nov-17,"$16,029.33"
2-Nov-17,"$16,014.99"
3-Nov-17,"$16,020.16"
6-Nov-17,"$16,092.20"
7-Nov-17,"$16,131.79"
8-Nov-17,"$16,105.35"
9-Nov-17,"$16,082.09"
10-Nov-17,"$16,039.26"
13-Nov-17,"$16,026.26"
14-Nov-17,"$15,913.13"
15-Nov-17,"$15,878.48"
16-Nov-17,"$15,935.37"
17-Nov-17,"$15,998.57"
20-Nov-17,"$16,004.40"
21-Nov-17,"$16,076.65"
22-Nov-17,"$16,073.58"
23-Nov-17,"$16,074.30"
24-Nov-17,"$16,108.09"
27-Nov-17,"$16,042.12"
28-Nov-17,"$16,029.64"
29-Nov-17,"$15,967.72"
30-Nov-17,"$16,067.48"
1-Dec-17,"$16,038.97"
4-Dec-17,"$15,969.03"
5-Dec-17,"$15,915.68"
6-Dec-17,"$15,908.78"
7-Dec-17,"$16,015.68"
8-Dec-17,"$16,096.07"
11-Dec-17,"$16,103.51"
12-Dec-17,"$16,114.03"
13-Dec-17,"$16,136.59"
14-Dec-17,"$16,016.46"
15-Dec-17,"$16,041.98"
18-Dec-17,"$16,131.64"
19-Dec-17,"$16,133.35"
20-Dec-17,"$16,159.67"
21-Dec-17,"$16,182.63"
22-Dec-17,"$16,165.27"
27-Dec-17,"$16,203.13"
28-Dec-17,"$16,221.95"
29-Dec-17,"$16,209.13"
2-Jan-18,"$16,309.99"
3-Jan-18,"$16,371.55"
4-Jan-18,"$16,412.94"
5-Jan-18,"$16,349.44"
8-Jan-18,"$16,317.65"
9-Jan-18,"$16,319.24"
10-Jan-18,"$16,247.95"
11-Jan-18,"$16,286.94"
12-Jan-18,"$16,308.18"
15-Jan-18,"$16,371.81"
16-Jan-18,"$16,298.88"
17-Jan-18,"$16,326.70"
18-Jan-18,"$16,284.47"
19-Jan-18,"$16,353.46"
22-Jan-18,"$16,347.98"
23-Jan-18,"$16,357.55"
24-Jan-18,"$16,284.21"
25-Jan-18,"$16,204.01"
26-Jan-18,"$16,239.22"
29-Jan-18,"$16,094.72"
30-Jan-18,"$15,955.51"
31-Jan-18,"$15,951.67"
1-Feb-18,"$15,860.92"
2-Feb-18,"$15,606.03"
5-Feb-18,"$15,334.81"
6-Feb-18,"$15,363.93"
7-Feb-18,"$15,330.58"
8-Feb-18,"$15,065.61"
9-Feb-18,"$15,034.53"
12-Feb-18,"$15,241.88"
13-Feb-18,"$15,216.47"
14-Feb-18,"$15,328.27"
15-Feb-18,"$15,407.66"
16-Feb-18,"$15,452.64"
20-Feb-18,"$15,439.44"
21-Feb-18,"$15,524.01"
22-Feb-18,"$15,508.17"
23-Feb-18,"$15,638.45"
26-Feb-18,"$15,714.66"
27-Feb-18,"$15,671.15"
28-Feb-18,"$15,442.68"
1-Mar-18,"$15,393.95"
2-Mar-18,"$15,384.59"
5-Mar-18,"$15,541.28"
6-Mar-18,"$15,545.19"
7-Mar-18,"$15,472.61"
8-Mar-18,"$15,538.70"
9-Mar-18,"$15,577.81"
12-Mar-18,"$15,604.79"
13-Mar-18,"$15,647.14"
14-Mar-18,"$15,653.61"
15-Mar-18,"$15,670.62"
16-Mar-18,"$15,711.33"
19-Mar-18,"$15,589.39"
20-Mar-18,"$15,616.36"
21-Mar-18,"$15,675.28"
22-Mar-18,"$15,399.93"
23-Mar-18,"$15,223.74"
26-Mar-18,"$15,298.56"
27-Mar-18,"$15,216.18"
28-Mar-18,"$15,169.94"
29-Mar-18,"$15,367.29"
2-Apr-18,"$15,213.45"
3-Apr-18,"$15,180.76"
4-Apr-18,"$15,164.37"
5-Apr-18,"$15,356.05"
6-Apr-18,"$15,207.41"
9-Apr-18,"$15,227.70"
10-Apr-18,"$15,262.14"
11-Apr-18,"$15,257.90"
12-Apr-18,"$15,269.27"
13-Apr-18,"$15,273.97"
16-Apr-18,"$15,300.38"
17-Apr-18,"$15,353.30"
18-Apr-18,"$15,529.97"
19-Apr-18,"$15,454.42"
20-Apr-18,"$15,484.32"
23-Apr-18,"$15,552.06"
24-Apr-18,"$15,477.00"
25-Apr-18,"$15,509.75"
26-Apr-18,"$15,637.59"
27-Apr-18,"$15,668.93"
30-Apr-18,"$15,607.88"
1-May-18,"$15,618.93"
2-May-18,"$15,627.93"
3-May-18,"$15,621.47"
4-May-18,"$15,729.40"
7-May-18,"$15,808.63"
8-May-18,"$15,842.71"
9-May-18,"$15,910.81"
10-May-18,"$15,959.50"
11-May-18,"$15,983.32"
14-May-18,"$16,085.61"
15-May-18,"$16,097.81"
16-May-18,"$16,108.06"
17-May-18,"$16,143.55"
18-May-18,"$16,162.31"
22-May-18,"$16,144.79"
23-May-18,"$16,133.80"
24-May-18,"$16,113.62"
25-May-18,"$16,075.67"
28-May-18,"$16,016.14"
29-May-18,"$15,922.61"
30-May-18,"$16,048.66"
31-May-18,"$16,061.50"
1-Jun-18,"$16,043.54"
4-Jun-18,"$16,052.24"
5-Jun-18,"$16,122.25"
6-Jun-18,"$16,183.93"
7-Jun-18,"$16,192.78"
8-Jun-18,"$16,202.69"
11-Jun-18,"$16,263.29"
12-Jun-18,"$16,288.98"
13-Jun-18,"$16,265.82"
14-Jun-18,"$16,328.96"
15-Jun-18,"$16,314.42"
18-Jun-18,"$16,383.63"
19-Jun-18,"$16,316.53"
20-Jun-18,"$16,420.95"
21-Jun-18,"$16,335.15"
22-Jun-18,"$16,450.14"
25-Jun-18,"$16,183.96"
26-Jun-18,"$16,280.09"
27-Jun-18,"$16,231.25"
28-Jun-18,"$16,179.89"
29-Jun-18,"$16,277.73"
3-Jul-18,"$16,263.16"
4-Jul-18,"$16,304.72"
5-Jul-18,"$16,266.61"
6-Jul-18,"$16,371.78"
9-Jul-18,"$16,452.34"
10-Jul-18,"$16,548.72"
11-Jul-18,"$16,417.32"
12-Jul-18,"$16,567.42"
13-Jul-18,"$16,561.12"
16-Jul-18,"$16,494.73"
17-Jul-18,"$16,519.24"
18-Jul-18,"$16,477.40"
19-Jul-18,"$16,543.01"
20-Jul-18,"$16,435.46"
23-Jul-18,"$16,420.84"
24-Jul-18,"$16,390.13"
25-Jul-18,"$16,420.76"
26-Jul-18,"$16,455.73"
27-Jul-18,"$16,393.95"
30-Jul-18,"$16,345.47"
31-Jul-18,"$16,434.01"
1-Aug-18,"$16,376.77"
2-Aug-18,"$16,409.16"
3-Aug-18,"$16,420.24"
7-Aug-18,"$16,286.30"
8-Aug-18,"$16,315.08"
9-Aug-18,"$16,416.98"
10-Aug-18,"$16,326.51"
13-Aug-18,"$16,250.75"
14-Aug-18,"$16,330.67"
15-Aug-18,"$16,148.50"
16-Aug-18,"$16,225.65"
17-Aug-18,"$16,323.71"
20-Aug-18,"$16,331.03"
21-Aug-18,"$16,296.97"
22-Aug-18,"$16,347.34"
23-Aug-18,"$16,326.79"
24-Aug-18,"$16,356.05"
27-Aug-18,"$16,444.39"
28-Aug-18,"$16,355.54"
29-Aug-18,"$16,390.29"
30-Aug-18,"$16,371.55"
31-Aug-18,"$16,262.88"
4-Sep-18,"$16,161.30"
5-Sep-18,"$16,137.57"
6-Sep-18,"$16,100.94"
7-Sep-18,"$16,090.27"
10-Sep-18,"$16,057.09"
11-Sep-18,"$16,094.25"
12-Sep-18,"$16,049.02"
13-Sep-18,"$16,001.71"
14-Sep-18,"$16,013.49"
17-Sep-18,"$16,082.31"
18-Sep-18,"$16,196.04"
19-Sep-18,"$16,149.92"
20-Sep-18,"$16,214.75"
21-Sep-18,"$16,224.13"
24-Sep-18,"$16,207.32"
25-Sep-18,"$16,159.50"
26-Sep-18,"$16,169.28"
27-Sep-18,"$16,204.62"
28-Sep-18,"$16,073.14"
1-Oct-18,"$16,104.43"
2-Oct-18,"$16,017.23"
3-Oct-18,"$16,072.05"
4-Oct-18,"$16,006.67"
5-Oct-18,"$15,946.17"
9-Oct-18,"$15,854.05"
10-Oct-18,"$15,517.40"
11-Oct-18,"$15,317.13"
12-Oct-18,"$15,414.29"
15-Oct-18,"$15,409.47"
16-Oct-18,"$15,579.74"
17-Oct-18,"$15,529.90"
18-Oct-18,"$15,404.13"
19-Oct-18,"$15,470.10"
22-Oct-18,"$15,412.70"
23-Oct-18,"$15,285.17"
24-Oct-18,"$14,909.13"
25-Oct-18,"$14,924.08"
26-Oct-18,"$14,888.26"
29-Oct-18,"$14,721.75"
30-Oct-18,"$14,894.50"
31-Oct-18,"$15,027.28"
1-Nov-18,"$15,150.15"
2-Nov-18,"$15,119.28"
5-Nov-18,"$15,217.70"
6-Nov-18,"$15,292.71"
7-Nov-18,"$15,369.43"
8-Nov-18,"$15,357.47"
9-Nov-18,"$15,274.44"
12-Nov-18,"$15,156.40"
13-Nov-18,"$15,131.78"
14-Nov-18,"$15,133.12"
15-Nov-18,"$15,144.88"
16-Nov-18,"$15,155.50"
19-Nov-18,"$15,071.01"
20-Nov-18,"$14,877.00"
21-Nov-18,"$15,095.02"
22-Nov-18,"$15,091.58"
23-Nov-18,"$15,010.73"
26-Nov-18,"$15,012.65"
27-Nov-18,"$14,944.09"
28-Nov-18,"$15,171.25"
29-Nov-18,"$15,194.04"
30-Nov-18,"$15,197.82"
3-Dec-18,"$15,274.98"
4-Dec-18,"$15,063.59"
5-Dec-18,"$15,182.64"
6-Dec-18,"$14,937.00"
7-Dec-18,"$14,795.13"
10-Dec-18,"$14,728.28"
11-Dec-18,"$14,667.83"
12-Dec-18,"$14,783.06"
13-Dec-18,"$14,750.35"
14-Dec-18,"$14,595.07"
17-Dec-18,"$14,362.65"
18-Dec-18,"$14,416.89"
19-Dec-18,"$14,264.06"
20-Dec-18,"$14,141.77"
21-Dec-18,"$13,935.44"
24-Dec-18,"$13,780.19"
27-Dec-18,"$14,165.21"
28-Dec-18,"$14,222.00"
31-Dec-18,"$14,322.86"
2-Jan-19,"$14,347.16"
3-Jan-19,"$14,212.75"
4-Jan-19,"$14,426.62"
7-Jan-19,"$14,504.13"
8-Jan-19,"$14,605.15"
9-Jan-19,"$14,804.73"
10-Jan-19,"$14,903.49"
11-Jan-19,"$14,939.18"
14-Jan-19,"$14,975.53"
15-Jan-19,"$15,046.28"
16-Jan-19,"$15,111.26"
17-Jan-19,"$15,211.22"
18-Jan-19,"$15,303.83"
21-Jan-19,"$15,354.16"
22-Jan-19,"$15,233.76"
23-Jan-19,"$15,208.33"
24-Jan-19,"$15,280.78"
25-Jan-19,"$15,366.05"
28-Jan-19,"$15,378.62"
29-Jan-19,"$15,463.14"
30-Jan-19,"$15,484.55"
31-Jan-19,"$15,540.60"
1-Feb-19,"$15,506.31"
4-Feb-19,"$15,602.32"
5-Feb-19,"$15,702.69"
6-Feb-19,"$15,712.31"
7-Feb-19,"$15,703.36"
8-Feb-19,"$15,633.33"
11-Feb-19,"$15,568.85"
12-Feb-19,"$15,642.10"
13-Feb-19,"$15,626.73"
14-Feb-19,"$15,695.98"
15-Feb-19,"$15,838.24"
19-Feb-19,"$15,937.44"
20-Feb-19,"$16,031.24"
21-Feb-19,"$16,000.86"
22-Feb-19,"$16,013.01"
25-Feb-19,"$16,057.03"
26-Feb-19,"$16,067.91"
27-Feb-19,"$16,074.30"
28-Feb-19,"$15,999.01"
1-Mar-19,"$16,068.25"
4-Mar-19,"$16,038.13"
5-Mar-19,"$16,086.54"
6-Mar-19,"$16,092.07"
7-Mar-19,"$16,056.51"
8-Mar-19,"$15,996.21"
11-Mar-19,"$16,106.24"
12-Mar-19,"$16,136.66"
13-Mar-19,"$16,149.97"
14-Mar-19,"$16,087.55"
15-Mar-19,"$16,140.35"
18-Mar-19,"$16,251.37"
19-Mar-19,"$16,188.10"
20-Mar-19,"$16,167.56"
21-Mar-19,"$16,244.59"
22-Mar-19,"$16,089.33"
25-Mar-19,"$16,065.86"
26-Mar-19,"$16,155.16"
27-Mar-19,"$16,132.53"
28-Mar-19,"$16,155.49"
29-Mar-19,"$16,102.09"
1-Apr-19,"$16,228.06"
2-Apr-19,"$16,263.87"
3-Apr-19,"$16,279.86"
4-Apr-19,"$16,311.61"
5-Apr-19,"$16,396.15"
8-Apr-19,"$16,407.29"
9-Apr-19,"$16,336.45"
10-Apr-19,"$16,396.29"
11-Apr-19,"$16,399.47"
12-Apr-19,"$16,480.53"
15-Apr-19,"$16,515.46"
16-Apr-19,"$16,502.20"
17-Apr-19,"$16,544.24"
18-Apr-19,"$16,612.81"
22-Apr-19,"$16,577.28"
23-Apr-19,"$16,669.40"
24-Apr-19,"$16,586.52"
25-Apr-19,"$16,576.10"
26-Apr-19,"$16,613.46"
29-Apr-19,"$16,600.37"
30-Apr-19,"$16,580.73"
1-May-19,"$16,502.75"
2-May-19,"$16,410.88"
3-May-19,"$16,494.43"
6-May-19,"$16,493.46"
7-May-19,"$16,357.75"
8-May-19,"$16,397.40"
9-May-19,"$16,321.75"
10-May-19,"$16,297.55"
13-May-19,"$16,193.41"
14-May-19,"$16,284.53"
15-May-19,"$16,318.14"
16-May-19,"$16,443.86"
17-May-19,"$16,401.75"
21-May-19,"$16,426.47"
22-May-19,"$16,327.35"
23-May-19,"$16,164.61"
24-May-19,"$16,230.04"
27-May-19,"$16,346.66"
28-May-19,"$16,297.46"
29-May-19,"$16,131.47"
30-May-19,"$16,089.24"
31-May-19,"$16,037.49"
3-Jun-19,"$16,015.89"
4-Jun-19,"$16,166.24"
5-Jun-19,"$16,212.66"
6-Jun-19,"$16,227.80"
7-Jun-19,"$16,230.96"
10-Jun-19,"$16,216.26"
11-Jun-19,"$16,248.76"
12-Jun-19,"$16,227.24"
13-Jun-19,"$16,239.26"
14-Jun-19,"$16,301.91"
17-Jun-19,"$16,353.45"
18-Jun-19,"$16,503.35"
19-Jun-19,"$16,511.79"
20-Jun-19,"$16,574.83"
21-Jun-19,"$16,525.43"
24-Jun-19,"$16,523.47"
25-Jun-19,"$16,371.28"
26-Jun-19,"$16,312.22"
27-Jun-19,"$16,307.73"
28-Jun-19,"$16,382.20"
2-Jul-19,"$16,471.29"
3-Jul-19,"$16,576.20"
4-Jul-19,"$16,588.85"
5-Jul-19,"$16,541.99"
8-Jul-19,"$16,462.95"
9-Jul-19,"$16,545.21"
10-Jul-19,"$16,563.29"
11-Jul-19,"$16,527.90"
12-Jul-19,"$16,488.12"
15-Jul-19,"$16,510.82"
16-Jul-19,"$16,502.42"
17-Jul-19,"$16,484.21"
18-Jul-19,"$16,494.23"
19-Jul-19,"$16,485.94"
22-Jul-19,"$16,518.88"
23-Jul-19,"$16,572.68"
24-Jul-19,"$16,611.84"
25-Jul-19,"$16,488.20"
26-Jul-19,"$16,531.04"
29-Jul-19,"$16,492.17"
30-Jul-19,"$16,466.05"
31-Jul-19,"$16,406.56"
1-Aug-19,"$16,377.04"
2-Aug-19,"$16,271.66"
6-Aug-19,"$16,149.49"
7-Aug-19,"$16,265.22"
8-Aug-19,"$16,404.53"
9-Aug-19,"$16,341.34"
12-Aug-19,"$16,237.77"
13-Aug-19,"$16,350.84"
14-Aug-19,"$16,045.94"
15-Aug-19,"$16,012.53"
16-Aug-19,"$16,149.79"
19-Aug-19,"$16,304.05"
20-Aug-19,"$16,213.31"
21-Aug-19,"$16,309.23"
22-Aug-19,"$16,253.46"
23-Aug-19,"$16,037.58"
26-Aug-19,"$16,098.79"
27-Aug-19,"$16,183.59"
28-Aug-19,"$16,271.65"
29-Aug-19,"$16,384.49"
30-Aug-19,"$16,442.07"
3-Sep-19,"$16,399.23"
4-Sep-19,"$16,448.84"
5-Sep-19,"$16,574.81"
6-Sep-19,"$16,535.33"
9-Sep-19,"$16,495.09"
10-Sep-19,"$16,537.34"
11-Sep-19,"$16,611.14"
12-Sep-19,"$16,643.28"
13-Sep-19,"$16,682.42"
16-Sep-19,"$16,751.31"
17-Sep-19,"$16,834.75"
18-Sep-19,"$16,800.29"
19-Sep-19,"$16,858.35"
20-Sep-19,"$16,899.69"
23-Sep-19,"$16,867.20"
24-Sep-19,"$16,798.33"
25-Sep-19,"$16,784.29"
26-Sep-19,"$16,790.40"
27-Sep-19,"$16,694.27"
30-Sep-19,"$16,658.63"
1-Oct-19,"$16,447.66"
2-Oct-19,"$16,310.97"
3-Oct-19,"$16,369.03"
4-Oct-19,"$16,449.35"
7-Oct-19,"$16,421.75"
8-Oct-19,"$16,293.95"
9-Oct-19,"$16,379.87"
10-Oct-19,"$16,422.68"
11-Oct-19,"$16,415.16"
15-Oct-19,"$16,418.39"
16-Oct-19,"$16,427.18"
17-Oct-19,"$16,426.30"
18-Oct-19,"$16,377.12"
21-Oct-19,"$16,418.45"
22-Oct-19,"$16,391.52"
23-Oct-19,"$16,335.93"
24-Oct-19,"$16,369.32"
25-Oct-19,"$16,404.49"
28-Oct-19,"$16,387.53"
29-Oct-19,"$16,418.14"
30-Oct-19,"$16,501.43"
31-Oct-19,"$16,483.16"
1-Nov-19,"$16,594.07"
4-Nov-19,"$16,669.81"
5-Nov-19,"$16,681.92"
6-Nov-19,"$16,745.64"
7-Nov-19,"$16,805.75"
8-Nov-19,"$16,877.42"
11-Nov-19,"$16,882.76"
12-Nov-19,"$16,909.38"
13-Nov-19,"$16,957.99"
14-Nov-19,"$16,972.18"
15-Nov-19,"$17,028.47"
18-Nov-19,"$17,025.11"
19-Nov-19,"$17,011.40"
20-Nov-19,"$17,005.82"
21-Nov-19,"$16,999.19"
22-Nov-19,"$16,954.84"
25-Nov-19,"$17,032.86"
26-Nov-19,"$17,035.88"
27-Nov-19,"$17,100.57"
28-Nov-19,"$17,114.52"
29-Nov-19,"$17,040.20"
2-Dec-19,"$16,981.47"
3-Dec-19,"$16,892.18"
4-Dec-19,"$16,897.34"
5-Dec-19,"$16,854.92"
6-Dec-19,"$16,996.97"
9-Dec-19,"$16,950.85"
10-Dec-19,"$16,950.70"
11-Dec-19,"$16,939.61"
12-Dec-19,"$16,946.90"
13-Dec-19,"$17,003.13"
16-Dec-19,"$17,056.36"
17-Dec-19,"$17,075.20"
18-Dec-19,"$17,031.98"
19-Dec-19,"$17,064.04"
20-Dec-19,"$17,118.44"
23-Dec-19,"$17,128.71"
24-Dec-19,"$17,180.15"
27-Dec-19,"$17,168.21"
30-Dec-19,"$17,098.56"
